Gene,unstimulatedA_500A_A02,unstimulatedA_500A_C02,unstimulatedA_500A_E02,unstimulatedA_500A_G02,unstimulatedA_500A_I02,unstimulatedA_500A_K02,unstimulatedA_500A_M02,unstimulatedA_500A_O02,unstimulatedA_500B_A02,unstimulatedA_500B_C02,unstimulatedA_500B_E02,unstimulatedA_500B_G02,unstimulatedA_500B_I02,unstimulatedA_500B_K02,unstimulatedA_500B_M02,unstimulatedA_500B_O02,unstimulatedA_500C_A02,unstimulatedA_500C_C02,unstimulatedA_500C_E02,unstimulatedA_500C_G02,unstimulatedA_500C_I02,unstimulatedA_500C_K02,unstimulatedA_500C_M02,unstimulatedA_500C_O02,unstimulatedA_501A_A02,unstimulatedA_501A_C02,unstimulatedA_501A_E02,unstimulatedA_501A_G02,unstimulatedA_501A_I02,unstimulatedA_501A_K02,unstimulatedA_501A_M02,unstimulatedA_501A_O02,unstimulatedA_501B_A02,unstimulatedA_501B_C02,unstimulatedA_501B_E02,unstimulatedA_501B_G02,unstimulatedA_501B_I02,unstimulatedA_501B_K02,unstimulatedA_501B_M02,unstimulatedA_501B_O02,unstimulatedA_501C_A02,unstimulatedA_501C_C02,unstimulatedA_501C_E02,unstimulatedA_501C_G02,unstimulatedA_501C_I02,unstimulatedA_501C_K02,unstimulatedA_501C_M02,unstimulatedA_501C_O02,unstimulatedA_502A_A02,unstimulatedA_502A_C02,unstimulatedA_502A_E02,unstimulatedA_502A_G02,unstimulatedA_502A_I02,unstimulatedA_502A_K02,unstimulatedA_502A_M02,unstimulatedA_502A_O02,unstimulatedA_502B_A02,unstimulatedA_502B_C02,unstimulatedA_502B_E02,unstimulatedA_502B_G02,unstimulatedA_502B_I02,unstimulatedA_502B_K02,unstimulatedA_502B_M02,unstimulatedA_502B_O02,unstimulatedA_502C_A02,unstimulatedA_502C_C02,unstimulatedA_502C_E02,unstimulatedA_502C_G02,unstimulatedA_502C_I02,unstimulatedA_502C_K02,unstimulatedA_502C_M02,unstimulatedA_502C_O02,unstimulatedA_503A_A02,unstimulatedA_503A_C02,unstimulatedA_503A_E02,unstimulatedA_503A_G02,unstimulatedA_503A_K02,unstimulatedA_503A_M02,unstimulatedA_503A_O02,unstimulatedA_503B_A02,unstimulatedA_503B_C02,unstimulatedA_503B_E02,unstimulatedA_503B_G02,unstimulatedA_503B_I02,unstimulatedA_503B_K02,unstimulatedA_503B_M02,unstimulatedA_503B_O02,unstimulatedA_503C_A02,unstimulatedA_503C_C02,unstimulatedA_503C_E02,unstimulatedA_503C_G02,unstimulatedA_503C_I02,unstimulatedA_503C_K02,unstimulatedA_503C_M02,unstimulatedA_503C_O02,unstimulatedB_500A_B02,unstimulatedB_500A_D02,unstimulatedB_500A_F02,unstimulatedB_500A_H02,unstimulatedB_500A_J02,unstimulatedB_500A_L02,unstimulatedB_500A_N02,unstimulatedB_500A_P02,unstimulatedB_500B_B02,unstimulatedB_500B_D02,unstimulatedB_500B_F02,unstimulatedB_500B_H02,unstimulatedB_500B_J02,unstimulatedB_500B_L02,unstimulatedB_500B_N02,unstimulatedB_500B_P02,unstimulatedB_500C_B02,unstimulatedB_500C_D02,unstimulatedB_500C_F02,unstimulatedB_500C_H02,unstimulatedB_500C_J02,unstimulatedB_500C_L02,unstimulatedB_500C_N02,unstimulatedB_500C_P02,unstimulatedB_501A_B02,unstimulatedB_501A_D02,unstimulatedB_501A_F02,unstimulatedB_501A_H02,unstimulatedB_501A_J02,unstimulatedB_501A_L02,unstimulatedB_501A_N02,unstimulatedB_501A_P02,unstimulatedB_501B_B02,unstimulatedB_501B_D02,unstimulatedB_501B_F02,unstimulatedB_501B_H02,unstimulatedB_501B_J02,unstimulatedB_501B_L02,unstimulatedB_501B_N02,unstimulatedB_501B_P02,unstimulatedB_501C_B02,unstimulatedB_501C_D02,unstimulatedB_501C_F02,unstimulatedB_501C_H02,unstimulatedB_501C_J02,unstimulatedB_501C_L02,unstimulatedB_501C_N02,unstimulatedB_501C_P02,unstimulatedB_502A_B02,unstimulatedB_502A_D02,unstimulatedB_502A_F02,unstimulatedB_502A_H02,unstimulatedB_502A_J02,unstimulatedB_502A_L02,unstimulatedB_502A_N02,unstimulatedB_502A_P02,unstimulatedB_502B_B02,unstimulatedB_502B_D02,unstimulatedB_502B_F02,unstimulatedB_502B_H02,unstimulatedB_502B_J02,unstimulatedB_502B_L02,unstimulatedB_502B_N02,unstimulatedB_502B_P02,unstimulatedB_502C_B02,unstimulatedB_502C_D02,unstimulatedB_502C_F02,unstimulatedB_502C_H02,unstimulatedB_502C_J02,unstimulatedB_502C_L02,unstimulatedB_502C_N02,unstimulatedB_502C_P02,unstimulatedB_503A_B02,unstimulatedB_503A_D02,unstimulatedB_503A_F02,unstimulatedB_503A_H02,unstimulatedB_503A_J02,unstimulatedB_503A_N02,unstimulatedB_503A_P02,unstimulatedB_503B_B02,unstimulatedB_503B_D02,unstimulatedB_503B_F02,unstimulatedB_503B_H02,unstimulatedB_503B_J02,unstimulatedB_503B_L02,unstimulatedB_503B_N02,unstimulatedB_503B_P02,unstimulatedB_503C_B02,unstimulatedB_503C_D02,unstimulatedB_503C_F02,unstimulatedB_503C_H02,unstimulatedB_503C_J02,unstimulatedB_503C_L02,unstimulatedB_503C_N02,unstimulatedB_503C_P02,androgenA_500A_A23,androgenA_500A_C23,androgenA_500A_E23,androgenA_500A_G23,androgenA_500A_I23,androgenA_500A_K23,androgenA_500A_M23,androgenA_500A_O23,androgenA_500B_A23,androgenA_500B_C23,androgenA_500B_E23,androgenA_500B_G23,androgenA_500B_I23,androgenA_500B_K23,androgenA_500B_M23,androgenA_500B_O23,androgenA_500C_A23,androgenA_500C_C23,androgenA_500C_E23,androgenA_500C_G23,androgenA_500C_I23,androgenA_500C_K23,androgenA_500C_M23,androgenA_500C_O23,androgenA_501A_A23,androgenA_501A_C23,androgenA_501A_E23,androgenA_501A_G23,androgenA_501A_I23,androgenA_501A_K23,androgenA_501A_M23,androgenA_501A_O23,androgenA_501B_A23,androgenA_501B_C23,androgenA_501B_E23,androgenA_501B_G23,androgenA_501B_I23,androgenA_501B_K23,androgenA_501B_M23,androgenA_501B_O23,androgenA_501C_A23,androgenA_501C_C23,androgenA_501C_E23,androgenA_501C_G23,androgenA_501C_I23,androgenA_501C_K23,androgenA_501C_M23,androgenA_501C_O23,androgenA_502A_A23,androgenA_502A_E23,androgenA_502A_G23,androgenA_502A_I23,androgenA_502A_K23,androgenA_502A_M23,androgenA_502A_O23,androgenA_502B_A23,androgenA_502B_C23,androgenA_502B_E23,androgenA_502B_G23,androgenA_502B_I23,androgenA_502B_K23,androgenA_502B_M23,androgenA_502B_O23,androgenA_502C_A23,androgenA_502C_C23,androgenA_502C_E23,androgenA_502C_G23,androgenA_502C_I23,androgenA_502C_K23,androgenA_502C_M23,androgenA_502C_O23,androgenA_503A_A23,androgenA_503A_C23,androgenA_503A_E23,androgenA_503A_G23,androgenA_503A_I23,androgenA_503A_K23,androgenA_503A_M23,androgenA_503A_O23,androgenA_503B_A23,androgenA_503B_C23,androgenA_503B_E23,androgenA_503B_G23,androgenA_503B_I23,androgenA_503B_K23,androgenA_503B_M23,androgenA_503B_O23,androgenA_503C_A23,androgenA_503C_C23,androgenA_503C_E23,androgenA_503C_G23,androgenA_503C_I23,androgenA_503C_K23,androgenA_503C_M23,androgenA_503C_O23,androgenB_500A_B23,androgenB_500A_D23,androgenB_500A_F23,androgenB_500A_H23,androgenB_500A_J23,androgenB_500A_L23,androgenB_500A_N23,androgenB_500A_P23,androgenB_500B_B23,androgenB_500B_D23,androgenB_500B_F23,androgenB_500B_H23,androgenB_500B_J23,androgenB_500B_L23,androgenB_500B_N23,androgenB_500B_P23,androgenB_500C_B23,androgenB_500C_D23,androgenB_500C_F23,androgenB_500C_H23,androgenB_500C_J23,androgenB_500C_L23,androgenB_500C_N23,androgenB_500C_P23,androgenB_501A_B23,androgenB_501A_D23,androgenB_501A_F23,androgenB_501A_H23,androgenB_501A_J23,androgenB_501A_L23,androgenB_501A_N23,androgenB_501A_P23,androgenB_501B_B23,androgenB_501B_D23,androgenB_501B_F23,androgenB_501B_H23,androgenB_501B_J23,androgenB_501B_L23,androgenB_501B_N23,androgenB_501B_P23,androgenB_501C_B23,androgenB_501C_D23,androgenB_501C_F23,androgenB_501C_H23,androgenB_501C_J23,androgenB_501C_L23,androgenB_501C_N23,androgenB_501C_P23,androgenB_502A_B23,androgenB_502A_D23,androgenB_502A_F23,androgenB_502A_H23,androgenB_502A_J23,androgenB_502A_L23,androgenB_502A_N23,androgenB_502A_P23,androgenB_502B_B23,androgenB_502B_D23,androgenB_502B_F23,androgenB_502B_H23,androgenB_502B_J23,androgenB_502B_L23,androgenB_502B_N23,androgenB_502B_P23,androgenB_502C_B23,androgenB_502C_D23,androgenB_502C_F23,androgenB_502C_H23,androgenB_502C_J23,androgenB_502C_L23,androgenB_502C_N23,androgenB_502C_P23,androgenB_503A_B23,androgenB_503A_D23,androgenB_503A_F23,androgenB_503A_H23,androgenB_503A_J23,androgenB_503A_L23,androgenB_503A_N23,androgenB_503A_P23,androgenB_503B_B23,androgenB_503B_D23,androgenB_503B_F23,androgenB_503B_H23,androgenB_503B_J23,androgenB_503B_L23,androgenB_503B_N23,androgenB_503B_P23,androgenB_503C_B23,androgenB_503C_D23,androgenB_503C_F23,androgenB_503C_H23,androgenB_503C_J23,androgenB_503C_L23,androgenB_503C_N23,androgenB_503C_P23
FKBP5,131,134,64,163,83,110.5,70.5,130,305,255,203.5,113.5,155.5,104,146,210,354,400,229.5,183.5,257,393.5,269,277,449,409.5,269.5,330.5,243,191,279.5,391,202,118,171,146,135,122,74,113,258,216,186,142.5,109,176,156,188.5,192.5,79.5,113,93,82,126,88,90.5,347.5,329.5,144,166,113,30,109,62,146,210,76,78.5,49.5,68,63,105,101.5,107,68,64.5,18,25.5,88,219,151,107,90,85,128,74,108,179,212,212,69.5,62.5,79,90,99,199.5,173,115,123,100,111.5,77,125,307,235,238,259,142,219,192.5,55,568.5,399,316,221.5,272.5,288,258,281,628,346,399,388.5,404.5,307,252,205,184,139,116,182.5,80,175,123,241,311,244,291,199,172,216,132,69,160,206.5,121,175,95,156,124,109.5,366,297,157,229.5,157.5,157,159,243,164.5,119,76,158.5,76.5,88,79.5,107,91,57,81,39,28,56,68.5,246,172,125,158,95,119,86,113.5,171,168,126,132,101,114,109,131,585.5,704.5,631.5,484.5,752,599.5,807,827.5,330.5,558.5,624.5,636,588,580,526.5,345,742,1007,1148.5,1073,1159,1318.5,1210,1170,1178,948.5,907,870.5,1065,1021,969,797.5,467,572,351,585,389,293.5,354,569.5,471,560.5,483,523.5,428.5,567,485.5,553,477,427,606,288,62,355,772.5,624,31.5,546.5,771.5,519,460,532,0,381.5,903,605.5,569,618,513,318,1066,327,541.5,396,299,266.5,287.5,256,298.5,605,649,664,585,692,523,326.5,881,310,547,481,430,315,577,346,917.5,510,666.5,766,917,693,988,765,839,788.5,689,659,642,905.5,724,535.5,494.5,942,956,1375,1092,1120.5,1381,1154,1265,783.5,1123,971,878,1037,1243.5,890.5,751,451.5,463,555,408,432,379,733.5,589,568,551,424,600,653.5,579,456,348.5,372,360,476,667,598,662.5,506,807.5,611,811,625,897,898,1019.5,836.5,326.5,548.5,840,603.5,552.5,511,623,591,963,517,427,408,439,364,287,198,522,679,765,595,525.5,656,601,687.5,562,611.5,630,420,368,581,424,475.5,459
Kallikrein2,120,88,114,94,62,55.5,59,50,394,234,225,87,135,83,94.5,104.5,308,233,200,113,180.5,448.5,208,147.5,725,615,326,695.5,359,223,427,603.5,240,200,151,116.5,53.5,71,92,172,293.5,251.5,208,96,138.5,168,149,125,241,128.5,131,140,62,75,88,164,558,511.5,108,107,114,235,55,148,197,325.5,75.5,76,55.5,110.5,82,173,76,101,52,66,72,47,54,264.5,187,110.5,96.5,75,90.5,56,93,327,253,266.5,89.5,83,118.5,72,155,87.5,93,129.5,49,60,55,54,63,258,150,149.5,127.5,120,139,113,65,458,254,197.5,154,218,198,149.5,183,709,508,459.5,629,465,425,352.5,160,166,121,112,88.5,28,117,136,199.5,279,211.5,180,225,125,198,98,83,167,250,88.5,133,58,147,85,189,425,161,151,205,123,211.5,89,156,183,179.5,85,167,84,140,82,130,95,55.5,40.5,31.5,45,38.5,80,247.5,176,99,147,57,76.5,67,90.5,255,202,154,164,110,133,103.5,72.5,345.5,296,334.5,229.5,338,190.5,395,316,141,324.5,421.5,253,390.5,346,377.5,278,482,439.5,596.5,548,627,636,628.5,726,932.5,733,842,859,845,907,754,862,316.5,484,294.5,366,359,304,228,501.5,307,395,348,159.5,264,430,339,344,351.5,326,515,290,371,255,554,505,43,321.5,430,325,596,357,821,247.5,601,349,370,407,353.5,239,720,172,330.5,177,143.5,129,102,124,109,530,473,537,387,630.5,365,250,573,247,356,336.5,322,256,464,252,546,332.5,288.5,369,405,345,456.5,407.5,407,509,341,412,300,502,446,362.5,255.5,575,380,759,435,651,736,545,748,709,939.5,911,820.5,936.5,1226.5,768.5,1124,431.5,370.5,380,402.5,274,305,494,618,475,426,265,382.5,373,352,294,461,317.5,339.5,387,474,446.5,662,481,1294.5,424,324,431,489,496,538.5,416.5,373,345.5,449,367,406,353,596.5,378,644,218,192.5,191,217,148.5,126.5,125,213,542,603,433,401,436,522.5,520,487,428,436,256,294,397,387,291,313.5
ZBTB10,123,87,88,111,65,68,62.5,100.5,298,233.5,164.5,87,111,79,119,118,348.5,261,156,125,213.5,357.5,195,230,510,364.5,199,493.5,186,116,237,254,164.5,138,137,91.5,148.5,62,63.5,140.5,174,208,142,81,84,131,106,81,194,121.5,106,95,66,73,73,88.5,420,227.5,88,120.5,100,123,67,80,142,172,67,56,53,53.5,76,106.5,79,76,42,41,60,33.5,50,254,181,118,95.5,72,72,57,89,196,172,203,99,70,85,49.5,112,131,100.5,74,93,72,70,66,70,240,141,124,118,94,118,141,51,433,246,197,146,159.5,222,165,240,452.5,275.5,288,360.5,295.5,229,225,112,152,137,105,244,23,112,73,124,156.5,159.5,98.5,154,121,142,82,64,159,129,87.5,127,86.5,129.5,65.5,104,284,145,134.5,149,120,116,109,104,129,142,113,123,80,91,63.5,80,91,45.5,43,32,30,57,86,243,187,122,119.5,65,74,61,70,159.5,162,158,103.5,73.5,104,87,101,206,141,126,136,175,141,190,203,161,184.5,231,152,213,169,170,128,283.5,393.5,468,418,460,463,380,429,613,384,397,415,366,435,305.5,333.5,288,351.5,165,155,163.5,175.5,123,254.5,212.5,220,144,166,138,185,149,150,294,128,209,125.5,186,136,210,369,24,128,217,159,208.5,187,362,186,316,228,179.5,183,179.5,115,293,107,186,86,55,56,84,47,67,277,207.5,192.5,156,221,109,101.5,287,223,171,197.5,160,120,169,119.5,207.5,208.5,195,216.5,193,192,255.5,200.5,293,272.5,201,218,142,230,209,184,149.5,521.5,403.5,482.5,287.5,435,437,343,398,446,444,407,416.5,411,499.5,360,493,169,195,177,189,138,167,178.5,320,309,206,142,182,175,150,118,265,176,120,220,308,224,261,260,506.5,222.5,157.5,222.5,231,252,249,229,200,203.5,228,202,142,137,239,251,314,86,101,73.5,85,102,53,82,124,230,212,153,133,194.5,267,306,189,230.5,176,130,118.5,159,229,181,201
BM039,103,144,93,134,77,90,65,70,269,237,273,147,118,80,110,93,304,323,269,204,200,413,178.5,163,217,280,245,360,164,171.5,175,197.5,117,150,116,103,111,66,72,133,156.5,201,135,91,92,101.5,101,85,163,244.5,108,129,85,138,74.5,99,331,252,123,182,125,214,131.5,119,138,281,91,100,73,144,71,89,92,117,88,77,80,51,64,143,363,185,253,148.5,169,77.5,90.5,177,242.5,246,137,105.5,144,77,143,158,146,170,150,136,105,94,86,258,165.5,273,213,92,112.5,101,75,469,353,311,194,302,214,189,266,301,334,305.5,288,207,172.5,183.5,109,109,126,101,178,39,79,87,107,167,194,126,125,100,137,63,62,210,290,88,179.5,116,127,94.5,158,266,206,236,232.5,143.5,158,103,152,165,204,122,176.5,122,91,102,95,123.5,89,64,55,50,36,76,381,435,158,246,126,93,91,103,215,219,183,171.5,83,94.5,171,83,677,900,973,639,1001,771.5,1035,1073,306,698,830,699.5,773.5,793,752,487,856,1258,1460,1256.5,1401,1519,1422,1515,1180,1090,983.5,1122.5,883.5,1079,980,1057,350.5,553,443,730.5,421.5,347,431,678,407,637.5,448,642,362,651,554,551.5,509,623.5,895.5,422.5,669,701,1059.5,552.5,36.5,613,812.5,620,1020.5,908,1613.5,533,1038,745,689,768,689.5,608,1349.5,321.5,517.5,359,328,258,298,286,314,864,1088,1108,948,1143,955,637,1288,346,815,624,731,455.5,757,632,1219,664.5,710.5,924.5,1033,1030,1323,998.5,1130,951,784.5,778,752,1134,913,739.5,575,1072,1179,1387,1168,1404,1727,1401,1756,812.5,1236,1240,938,1039.5,1328,973,1178.5,589,596,535.5,516.5,462,533,850.5,726,469,678.5,519,589,627,560,481,410.5,455,648.5,713,703,843,1105,778,1596,718.5,939,706,982,1086,1169.5,1040,437,608.5,1049,658.5,979,659,966.5,715.5,1306.5,577,492,443.5,452.5,350,309,185.5,580,1081,1526,1002,906,932,879,1002,1107.5,765.5,909,552.5,585,764,606,662,655
TMEPAI,98,103,69,92.5,61.5,63,53,80,245,215,124,90,85,72,79,89.5,258.5,198.5,90,99,95,364,148,148.5,541,386.5,292,452,259,183.5,265.5,290,164,132,103,85,76,58.5,72,124,205,162,150,73,106.5,148,102.5,112,181,100,100.5,84.5,59,84,63.5,84,460,281.5,93,140,91,161,89,118.5,173,175,90.5,63,76,83,73.5,125,72.5,105,50,52.5,56,34,62,175,137,120,95,80,92,57,81,216,179,191,84,74,112,60,105,103,93,100.5,81,59,79.5,54,68,174,131,101,137,85.5,115.5,96.5,56,377,195,140.5,127,156.5,218,138.5,211.5,500,352.5,377,435,310,319,264,136,112,87,86,80,47,96.5,98,125,198.5,165,125,148,129,144,106.5,67,182,137,98,102.5,61,106,71,132,375,133.5,189,170,102,164,94.5,156,163,158,99,130,100,120,90,101.5,84,48,81,40,55.5,50,57,199,145,119,114,55,83,70,86.5,187,133,170,106.5,86.5,94,137,92,193,248,180,190,238,216,263,311,114,224,204,221.5,215.5,258,216,193.5,278,442,478,468,449,513,515.5,579.5,682,443,504,522,549.5,573,559,471.5,268,337,210,205,226,200.5,166,294.5,214,244.5,231.5,213,170,262,219,207.5,240.5,214,258,162.5,206,199,329.5,375,23.5,234.5,313,271,344.5,329,548,211,399,318,237,326.5,247.5,225,487.5,137,210.5,129,120,92,101.5,77,117,406,320,313,246,323,242.5,166,468,231,257,269,219.5,207,287.5,210.5,412,203,233,225,320,237,371,319.5,361,273,251,221,220,314.5,334,214,199,391.5,398,449,376,446,557,407,612,498,534.5,552,491.5,619,672.5,522.5,605.5,248,208,220,222,204,218,289,313,317,226,265,222,258,190.5,187,305,199,175,264,307.5,317,347,261,720,355,260,329,323,409,410,351,218.5,276,334,352,271,280,408,365,486,149,133,141.5,134,145.5,95,99,186,326,384,286,236,288.5,295,385,322,328,298,209,194,259,282,267.5,263
NKX3-1,1113,845,513,895.5,388.5,345,444,749,2162,1952.5,1369,744,963,986.5,1264,1499,2464,1991,1248,806,1105,2628,1860.5,1937.5,2898,2367,2343,2689.5,2556.5,1976,2669,2739,1715,1346,1167,856,1018,659,1162.5,1125,1864,1498,1591.5,744,1314,1505,1290.5,1296,1560,1232.5,1348,1208.5,1187,1370,1171.5,1630,2367,2266,1119,1581,1193,1852.5,983.5,1279.5,1438,1308,619,444,749,987.5,917,1298,894,856.5,473,340,103.5,117,521,1988,1521.5,1030,893.5,747,974,709,1206.5,1615,1241.5,1443,766.5,916,1069,855,1116,1231,1033,623,596,563.5,544,490,1047,1801,1492,1120,1467.5,1025,1317.5,1412,627,1864.5,1529,1209.5,1447,1435,2066.5,1531,2050,2931.5,2375,2676.5,2816,2781,2542,2603.5,1826,1347.5,906.5,1208,908.5,85,1322,1301.5,1623,1552,1478,1489.5,1758.5,1662,1505,1389.5,519,1476,1666.5,1538,1890,1180.5,1736,1339,2237,2565,1766,1174,1613,1264,2002.5,1122.5,1369,1210,927,935.5,1039.5,797,1286,1070,1348.5,859.5,583,288.5,176,174.5,278,515,1882,1653,1307,1457,803,1136,1105.5,1112,1461,1238.5,1217.5,1083.5,1189,1221,1264,1105,1890,1899.5,1873.5,1638.5,1875.5,1853,2015,2215.5,1284,2062,1882,1767,1765,2075,1697,1795,2171,2434.5,2453.5,2750,2543,3079.5,2618.5,3178,4021,2826,2966,3046,3036,3031,3007,2848.5,2170,1750.5,1817,1453,1908.5,1494,1525,1691,1918,1413,1534,1548,1609,1580.5,1562.5,1470,2310,1603,2289,2074,2263,1950.5,2446,2966.5,23.5,1959,2191.5,1920,2340,1762.5,2727.5,1733,2268.5,1802,1685,1809,1417.5,1450.5,2246,1348,1350.5,1163,922,886,768,816,876,2230,2046,2216,1904,2195,1828,1540,2207.5,2148.5,1802,1732,1760,1323,1920,1510.5,2209.5,1526,1770,1961,2459,1926,2684,1886.5,2564,2211.5,2198,1990,2004,2166,2390,1880,1896.5,2553.5,2239.5,2585,2491,2630,3233,2597.5,3285,2956,2998,3181,3040,3316.5,3355,3243,3152,1863.5,1563.5,1836,1783,1759,1719,2141.5,2205,1710,1531.5,1492,1605,1824,1493.5,1483,2047,1869,1666,1949,2546,2431,2441,2441,3121,2332,1785,2262,2327.5,2280,2403,2308,1945.5,1917,2060,1659,1741,1640,2104,1710.5,2542,1399,1108,1291.5,1309,1179.5,906,622,1701,2090,2312,1927,1617,1920,1887,2150,2223,2095,1988,1532.5,1502,1862,3011,1627,2026
KLK3,613,1027,695,743,401,493,234,431.5,1690,1273,1285,867,561,329,348,248,1560,1349,1143,952,849,1575,990.5,831,1291,1012,1328,1642.5,1059,939,972.5,1081,996.5,511,946,536,220,121.5,277.5,1013,1362,992,906,440,575,315,493.5,328.5,1449,1226.5,741,532,559,582,457,423,2060,1228,854.5,916,727,1329,781.5,717,1368,1600,843,464,696.5,810,474,566,1102,765.5,753,580,235,140,227,944,1368,1012,1092,889,754,423.5,343,1604,1219,1773,763,627.5,683,362,817,726,759,977,964,780.5,617.5,458.5,627,982,873.5,1144.5,1581,94,474.5,436,118.5,1923,1864,1642.5,946.5,1344,785.5,786,1914,1669.5,1570,1732,1377,1087,757,1151,1040,785,653.5,809,291.5,55,185,668,1077,1259.5,923,1206,673,518.5,576,370,191,1713,1285.5,831,1068,862.5,484,693,967.5,1350.5,970,1520.5,1253,1046,787,736,1327,1321,1352.5,1341,1205.5,1077,320,569,985,1222,530.5,758,455,283.5,198.5,486,2093.5,1831.5,965.5,1348.5,837,481.5,391,649,1730.5,1245.5,1432,1068,612,323,1224.5,1111,2816,3059,2789,2831,2935.5,2755,2901.5,3261,1927,2797.5,3046,2687,2928.5,2934,2842,2705.5,2953.5,4001,3629,3773,3729,4156,3845,3967,3929,3074,3663.5,3408,3699,3131.5,3430,3063,2526,2337,2194,2437.5,2441.5,2095,2436,2647,2650,2573,2679,2536.5,2398,2454.5,2713.5,2424,2657,2813,2956,2289,2332,2586,3039,3049,35.5,2792,3008,2864,3164,2970.5,3180.5,3023,3506,3341,3123,3357,3063.5,3087,3921.5,2755.5,2648.5,2505.5,2061,2108,1900.5,2270,2083,3419,3072.5,3574,3027,3546,2890.5,2534,3307.5,2467,2974,3069,2789,2891,2873.5,2907.5,3369.5,2589,2731.5,2797,3266,3290,3385.5,2974.5,3607,2921.5,2973,2664,3029,3225.5,3153,2629,2874,3400,3607.5,4130.5,3908,3563.5,4555.5,3714,4300,3455,3478,3683,3204,3489.5,3644,3678.5,3537,2630,2403,2886.5,2310,2486,2330,3139,3106,2602,2682,2621,2553,2950.5,2597,2642,2361,2440.5,2558.5,2852,2725,3057.5,3197,2920.5,3379.5,3056.5,3165,2972.5,3114.5,3555,3193,3493,2763,3041,3562,2960,3473.5,3273,3572,3130,4081,3043,2481.5,2816,2542,2635,2137,1736.5,3035,3364.5,3606,3341,3083,3359.5,2822.5,3187,3437,3183,2945,3020,2662.5,3108,2798,3020,3175
EAF2,40,71,36,65,38,50,61,38.5,95,108,100,65,77,69,63,72.5,105,165,99,84,103,240,77,69.5,118,117,96,123,91.5,75,80,98,65,54,61,64,68,65,59,65,96,83,79,50,66,64,58,59.5,69,80,49,77,42,63,54,60,141,69,73,83,67,86,56,70.5,90.5,108,51.5,46,62,77,58,58,63.5,64,58.5,42.5,46,35,46,97.5,101.5,62,67.5,55,46,40.5,40,67,90,104,67.5,46,46,59,85,45,61,41.5,105,59,47,35,37,109.5,73,109.5,91,54,61,71,49,141,122,94,95.5,100,92.5,83,141.5,164,150,125,129.5,97,91.5,109.5,43,96,55,58,67,27,27,52,49,109,81,56,85,55,74.5,76,51,102,98,44,90,69,54,49,35,102,103,99,97,70,73.5,70,86,95,89.5,67,64,62.5,37,50,113.5,87,57,44,48,50,50,47,137.5,119,102,93.5,46.5,54.5,68,59,98,74,91,72.5,56,63,78,85,219.5,383,258,251,275.5,313,295,388,117,242,219,251,224,323.5,235,191.5,336,542,416,525,508.5,723.5,515,781,880.5,552.5,693,509,568.5,456.5,443,565,220,218.5,232,266,241,178,228,322,295,386.5,258.5,308,232,326,355,323,236.5,243,276,158,192,237,341,319,44,245,304,254.5,392.5,385,636,360.5,478,370,300,385,292,324,742.5,199,202,194,132,121,136,152.5,139.5,423.5,328,363,331,390,269.5,223,420,222,304,323.5,313,233,326,309.5,570.5,243,309.5,298,417,326,540,291.5,603,202,253,247,289.5,399,337.5,237,297,432.5,503,493,548,496.5,908,544,1104,555.5,560,689,503,520,624,543,837,283,210,251.5,209.5,236,226,410,407,286.5,378,340,314,380,285,342,333,204,204,291,275,316.5,319,312.5,689,359,378,332,370.5,440,465.5,440.5,252.5,345,521,348,394,366.5,453.5,367.5,770.5,237,213.5,247,189.5,196.5,139,96.5,334.5,428.5,471,374,295.5,338,276,379,551.5,333,349.5,268.5,241,330,262.5,279,350
MED28,46.5,65,28.5,73.5,50.5,47.5,35.5,45,108,110,35,65,78,33,35,51.5,108,126,78,64,53,265.5,82.5,75,140.5,131,87,117,95,69,96,77,73,68.5,43.5,53,56,47.5,60,63,87.5,78,96.5,56.5,59,56,48,44,41,70,29,58,30.5,61.5,51,52,115,83,48,47,48,63,59,36,129,112,44,33,50,57,53.5,52,45,47,38,45,44,26,30.5,67,92,74,81,51,78,52,52,99,73.5,101,48,45,58,37,46,56,72.5,83,41,38,63,56,45,80,86.5,44,76.5,24,43,42.5,63,103.5,114,79,80,59.5,68,56,54,174,133,146.5,93,87,71,87.5,55.5,97,60,59.5,49,66,58,72,34,85,81.5,0,69,49,53,51,58.5,114.5,70,103,57,51,48,44,45,106,57,83,71,42,43,59,57.5,90,80,69,72,60.5,46.5,39,58,74,47,16,20,12,42,63.5,84,96,70,70,64,49,52,44,78.5,67,75,54,60.5,40.5,86.5,53,95,122,84,137,88.5,101.5,115,185,75,106.5,81,112,84.5,134,73,53.5,102,237,212.5,271,184,258.5,181,302,334,176,194.5,189,221,229,176,200,113,164,112.5,130,89,103,131,135,138,135,170,127.5,64,137.5,111.5,78,146,48,97,69,86,94.5,120,144,16,106,113,109,126,106.5,243,168,174.5,152.5,108,161,130.5,126.5,199,70,116.5,81,68,46.5,63,62,57,152.5,128,167,121,151,122.5,94,210.5,84,101,135,91.5,78.5,117,97,177,80,127,104,160,105,194,118.5,184,85.5,114.5,111,111.5,110,149,82,105,177,192,232.5,230,175,299.5,174,319,235,249,239,180,244.5,314,225,258,143,105,148.5,71,94.5,120,198,155,146,123,118.5,114.5,175,98,146,121,89,79,112.5,138,123,172,142.5,195,132,131,150.5,138,160.5,146,174,114,193,170,213,126,128,233.5,183.5,234,86,87,65.5,73,44.5,88,54,70,180,182.5,118,110,152.5,138,171,142,131,136.5,93,83,88.5,118.5,113,121
ABCC4,291,225,200,169,135,82,116,109.5,702.5,375.5,561,227.5,236,142.5,192,149.5,740,456,542,317.5,380,610.5,388,275.5,594,495.5,491,674,391,341,362,532,264.5,201.5,169,150.5,120,72,121,213,303,304,231,157.5,144,191.5,176,156,398.5,348,230,187.5,147,163,118,171,854.5,450,257,375,204,378,235,186,413,479.5,189,161,133,222.5,144,210,232.5,182,135.5,147,84,73,92,362,361.5,257,308,186,176.5,110,111,405,284,435,164.5,131,156.5,106,213,251,194.5,241.5,197,203.5,123,159,144.5,495,307.5,598.5,412,207.5,175,242.5,91,969,684,639,348,628,308,382,511,643,636,570,629,461,385.5,380,294,224,190.5,224,147.5,36.5,135,148,248,299,300.5,350,227,204,204,160,114,502,419.5,290.5,297,187,193,157,313.5,596,458.5,621.5,532,367,365.5,245.5,421,300,390.5,244,311,270,150,150,300,259.5,112,168,108,96,72,166,674,552.5,319,316.5,159,152,122.5,147,412,349.5,338,227,172,125,264,266,906,907,1177,673,1075,745,1202,1100,671.5,870,1083,843.5,1087,882,1073,638.5,1489,1502,1799,1539.5,1845.5,1819,1896,1880,1815.5,1236,1306,1311,1286.5,1204.5,1183.5,1255.5,617,725,595,798.5,630,533,601,825.5,723.5,684,690,795,558,803,668,698,904,860,996,588,814.5,865,1251,1102,37,998,1098,886,1159,1413,1608,925.5,1432,1066,963,1201,999,914,1652,709.5,635,614,443,477.5,378,505,429,1238,1025.5,1318,981,1188.5,862,777,1242,700,890.5,906,895,793.5,922,935.5,1326,966.5,790,1231,1046,1256,1256,1224,1407,1345,1024,1195,956.5,1569,1180,1147.5,886,1749,1439.5,2133,1570,1917,2035,1828,2339,1096,1432.5,1469.5,1308.5,1275.5,1665,1194.5,1733,861,786.5,824,655,700.5,727,1117,1351,734,938,805,808,828,756.5,707,796,802,888,918.5,1027,1132,1323,1041.5,1769,1194.5,1364.5,1095,1374,1514,1489,1449.5,958,1121,1461,969.5,1246,1021,1418,1097,1943,945.5,702,693,631,631,450,369.5,871,1329,1484.5,1190,976,1148,871.5,1088,1149,1089,1033,864,772,1047.5,869.5,935,999.5
SARG,30.5,55,42,58,49,42,44,46.5,131,96.5,75,38,48.5,88,54,74,139,166,87,88,56,146,84,105,214.5,170.5,118,165,109,95,113,125,57,52,60.5,71.5,58,54,44.5,59,85,86,64,55.5,54,92,63.5,76,47,41,37,60,48.5,29,46.5,53.5,171,125,49.5,90,62,71,67,82,69,76,31,48,46,43,53.5,73.5,40,29,54,30,44,21,35,81,43,54.5,61,52,39,52,70,82,66,55.5,52.5,48,44,32,72.5,57,70,46,68,48,45,46,47.5,83.5,91,88.5,87,38,65,64,37.5,185,111,94.5,101,96,126,87,126,213,167,164.5,193,147,141,118,110,73,60,56,50.5,21,70,36,89,72,81,42.5,74,64,77.5,65,55,70.5,85.5,2.5,68,43.5,57.5,36,58,143.5,105,58,101.5,43,81.5,55,62,74,79,69,70,53,81.5,50,63,33.5,44,87,9.5,32,24,41,65,68,51,39,48,84,44,42,65,68,57,64,65,29,51,34,117,123,96,98.5,99.5,107,108,147,71.5,153,128,113,139,151,126,96,166.5,265,291.5,271,261,315,269,339.5,361,240,260.5,255.5,254,289.5,204.5,215,120,151,101,113,78,94,75,108,111.5,126,67.5,97,84,120,92,116,100,94,127.5,80.5,92,69.5,151.5,128,26.5,66,156,100,193,63.5,206,99,193,120,137,123,108,66,192,54,75,58,45,54,59,66,73,128,148,80,107,141,97,81,178,80,88.5,83,85,67,127.5,54,142.5,88.5,129,114,164,116.5,170.5,126,208,178.5,149.5,148,144,176,206,103,133,239,247.5,267.5,233,275,386,238.5,334,234.5,285,276,270,294,366.5,246,285,119.5,104,84,118,107,120,120.5,146,140,115,94.5,138,123,135,96,147,104,64,96,132,123,219.5,124,331,170,156,153,207,198,241,168,159.5,144,167,113,126,103,193,128,214,77,79.5,64.5,88,47,75.5,52,74,141,156,108,100,110,145.5,129,128.5,117,127.5,73,83,86,171,93,122
GNMT,85,71,29,63,37,46,30,69,119,107,72,66,71,58,55.5,57,117,140,103,94,72.5,193.5,79.5,116,243,174,122.5,188.5,158.5,117.5,157,236,95,69,80,73,84,48,66.5,89,108.5,106,78.5,60,73,89,52.5,55,110,92,64,72,55,52.5,62,83,222,114,70,91,65,99,66.5,82,94,105,49,45,62,77,68,118,61.5,41,29,41,51,54,46,112,97,72.5,71,78,80.5,46,61,120,115,120,73,77,65.5,54,91,78,82,58,68,42.5,55,40.5,58,76,76,99.5,89,50,68,58,59,157,114,106,100.5,84.5,126,75,167,281.5,169,181,208.5,155.5,147,205,88,93.5,72,84,98,45,70.5,74,116,104,90,91,75,92,78,71,61.5,111,125,49,97,60,78,57.5,138,126,66,80,79,69,100,75,91,97.5,83,96,69.5,49,61,78.5,101.5,57,40,40,30,34.5,63,52,136.5,136,100,96,60,93,69,78,107,94,97,70,62.5,71.5,104.5,57.5,172.5,359,231.5,240.5,326.5,299,361.5,394,69,172.5,129,205,164,197,150.5,134,190.5,463.5,402,470.5,449,616,510,594,570,364.5,485,368,461.5,384,420.5,388.5,151,216,140,200,154.5,116,141,228,136.5,255,187.5,207,158.5,219,188,181,187,155,254,151,168,184,299,199,20,209,263,218,300.5,343.5,581,163,430,331,233.5,366.5,241,237,524,120,162.5,149.5,123,85,103.5,99,103,250,268,295,252,332,231,206,374.5,129.5,316,320,261,207,312,256,461,179,277,240,413.5,330,553,352.5,335,216,209,175,193,303.5,222,160.5,154,313,520,420,451.5,499,764,446.5,574,350,478,537,333.5,472.5,582,444.5,371,161,176.5,210,161,166.5,142,292,210,232,234.5,262.5,205,288.5,208,211,193.5,133,180,213.5,220,275.5,309,274,516,211,259.5,221.5,278,409,390,365,144,208.5,378.5,293,279.5,304,395.5,287,343,182,142,163,148,102,111,71,130,264,349,270.5,238,311,241,300.5,226,318,376,264,225.5,321,228,241,148
MPHOSPH9,117,111,103,114,78,53,87,79,267.5,198,161,89.5,94.5,97,99,93,330,233,166,110,154,510,197,158,302,221.5,232,282,181,124.5,187,236,127.5,104,83,89,73,51,48,81,119,114,91.5,63,75,94,85,94,110.5,97,74,74,76,81,61,84,321,223,97,130,93,161.5,71.5,118,123,160.5,60,74.5,65,59,68,109.5,77.5,77.5,63.5,66,50,35,47,192,129,125,100,74,95.5,56,68,203,123,174.5,73.5,94,66,87.5,93,150,110,89,107.5,112,100,85,71.5,218,137,186,136,105.5,135.5,121,37,333,275,169.5,174,161,234.5,195,218.5,293,225,224.5,228,202,160,170,103,86,95,95,57,38,76,94,119,133.5,127,99,119,94,96,68.5,55,143,136.5,89.5,84,55,105,70,93,272.5,141,144,171,102,148,71,111,124,138,80,133.5,85.5,79,56.5,110,88,57,61,51,23,46.5,46,265,190.5,135,128,107,88.5,77,70.5,195,108,166.5,99,98,75,142,68,225,218.5,205,195,217,206,257,297.5,155,245,241,228,239,211.5,179,192,321.5,341,420,425,382.5,451,379.5,567,367,316,313,341,384,349,291,284,169,211,122,145,141,117,117,190,136,145.5,149,135,122.5,168,129.5,127,178,140,235,145,187,155,267.5,271.5,26,177,230,178,272,215,407,114,267,194,162.5,171,147,116,284,166.5,138,104,80.5,104,86,81.5,75,344,183,308,175,292,192,169,282,172,158,214,158,210,209,174,247,197,203.5,276,301,273,353,308,303,191,221,239,213,256,284,190,177,395,300,417,359,392,517,393,562,287.5,354.5,322,326,346.5,450,329,370,157,132,172,143,136,126,244,253,188,146,128,163,164,139,138.5,158,151,156,179.5,227,213,269,206,454.5,252,207.5,207,270,283,334,255.5,165,167,229,193,184,172.5,214,168,351,160,104,136,104,122,84,80,138,261.5,245,274.5,145,268,222,301.5,210.5,258.5,194,157,119,249.5,172,217.5,161
NNMT,151,120,79,129.5,71.5,78.5,64,87,262,238.5,177,120.5,140.5,122,125.5,172,347,333,190,194,224,372,234,295.5,322,211.5,171,278,205,139,210.5,183,153,113,117.5,114.5,101.5,82,67.5,85,169.5,189,170,95.5,118,167,114.5,122,96,129,116.5,89,61,97,75,106,181,261,119,149.5,77,159,80,105,102,146,80.5,65.5,71,74,62.5,67,59,86.5,87.5,65,53,33,57,156.5,138,102,84,91.5,110,81,99.5,106,115,90.5,62,65,70,56,76,167,149,94,95.5,98,67.5,87,92,239,245,200,224,98,198.5,161,67,355.5,336,270,249,248.5,324,215,277.5,273,212,217,247,250,224,188,139,141,119,135,113.5,43,122,91,87,204,175,220,200,184,162,127,66,142.5,155,61,141,88,157,84,137,259,249,165,225,124,252,117,143,95.5,111,89.5,106.5,78,109,65.5,95.5,117.5,71.5,56.5,56,33,46,68,159.5,196,130,150,78,119,91,104.5,107,116,75,91.5,76,81.5,78,86,309,351,253.5,257,269,268,289,358,279,403,405.5,346,400.5,411,318,272.5,472,572,597,677,642.5,845,630,746.5,556,387.5,381.5,458,464,495,423.5,365,323,241.5,261,223,247,232,215.5,263,304,257,252,245,270,295,263,224.5,255,242,366,214,321,203.5,338,442.5,32,312,380,309.5,480,220,334,182,360,186,259,194,233,136.5,275,217,257,232,201,154,144,142,143,216,296,288.5,252,291,225.5,163,301,108,141,125,142,120,181,102.5,172.5,285,380.5,419,420,374.5,470.5,307.5,499,493,488.5,458.5,417.5,453,537,411,368.5,710,661,723.5,643.5,694.5,912,623.5,732,455,504,502,480,534,573,460,447,289,320,257,289,296,307,326,363,312,332,254,339,348,321,255,336,278.5,257,237,430,307,448,278,513.5,441,425,475,555.5,458,539,420,387.5,308.5,359,230,266.5,199,365.5,232,385,223,217,226,246,206,187,141,303,277.5,373,250,262.5,263,285,258,296.5,177,189,152,156,128.5,218,123.5,198
TNK1,556.5,197.5,65,200,67.5,71,89.5,189.5,1118,848,546,107.5,382,394,513.5,734,1020,545,350.5,203,363,983,625,321,2175,1832.5,1727,1531,1903.5,1045,1825,1768,797,703.5,599,241,424,241,485.5,461,1171,829.5,766.5,241,593.5,982.5,669,692,913,567.5,712,484,443,663,529,950,1883,1539,614,832,610,1329.5,730,1041,1026.5,773,322,151,292,595.5,468,860,292,267,195,83,66,65,115,1069,648,570,209,272,488,198,615,940,655,705.5,282,453,703.5,568,711,411,262,147,113,136,114,113.5,288.5,759.5,550,386,338,381,621,661,299,714.5,331,458,373,463,670,417,884,1966,1366,1297,2334,2409,1859,1648.5,758,527,346,525.5,394,38,705.5,489,892,914,695,735,965,758.5,1111,590,182,744,843,626,833.5,436.5,950.5,457,1117,2045.5,1163.5,562,1009,669,1740,699.5,975,637,400,278,592,303,963,455,733,323,149,95,54.5,98.5,72,179,845,586,453,609,365,492.5,538,482,842,693,604.5,724,785,804.5,521,604,255,135,98.5,119.5,89,90,119.5,122.5,294.5,643.5,515,365,619,474,509,738,462.5,457,323,530.5,369,433,372,456.5,1537,1302,1256,1678,1421,1732,1319,1305,684,806.5,670,405,1028,814,426.5,505.5,787,480,530,364,869,794,559,620,744,517.5,952,785,958,493,899,1761,34,1095,1317,1106.5,1381.5,580,1397,382,842,347,613,424,530,431,851,319,244,211.5,220.5,156,121,93,126,627,549,516,311,459.5,291,376,446.5,775,435,394,572,462.5,514.5,237,242.5,142,144,165,174,136,186.5,126,335.5,661,526,562.5,434,472,662,629,675,879,404,525,307.5,590,469.5,426,625,1347.5,1276,1346,1959.5,1891,1792,1534,1706,707,567,636,801,833.5,669,408,836.5,780,560.5,390,737,656,559,476,1572,641,556.5,580,1159,841.5,851,855,1679,1701,632,1697,1324,872,1042,914,942.5,475,655.5,381,406,459.5,534,551,1083,103.5,186,278,358,263.5,206.5,135,387,453,461.5,267,242,432,717,700.5,572,520,456,348,403,420,1299.5,350,698
MGC4504,3708,3908,3889,4084,3502,4416,3801.5,4123,4314,4596,4303,5083,4341,4858,4337,4703,4461.5,5011.5,4486,5261.5,4591,4156.5,4452,4937,11363.5,11286,11462,12176.5,11653,11563,11008,11725,7797.5,8175,8304,8404,8188,8215.5,8271.5,8288,8607,8804,8309,8577,8808,9143.5,8776,8960,14986,15881,14604,15617,16096,16366,14736.5,16113,16138.5,16770,17341,17549,16648,18402.5,17549,17810,15474,16251.5,15590,16043,17068,18066.5,16305,16583.5,4929,5121.5,4954,5515.5,5523,5017,5270,4538,4930,4561,4907,4650,5010,4585,4875,4335,4214,4092,4392,4265,4452,4657,4884,3981,4368.5,3804,4537,4365,4213,4237,4406,4285,4923.5,4504,4833,4667,4816,4499,4358.5,4477,4967,4631.5,5085.5,4660,5041,4700,5038,11642,11818,11936,12034,11595,12027,11611,11970,8209.5,8728.5,8377,8664,8460,8867,8882,8291,8956,9094,8667,9587,8987,9086,8966,9458,16316,17047,17481,17331,16742.5,17237,16437.5,17333,17629,18072,17548,17922,18903.5,19079,17965,17315,16889.5,18184,17293,17781.5,17050.5,17398.5,15923,17884,4913,5362,4712,5371,5200,5017.5,5829,4914,5272,4985,5238,5006.5,5308,4900.5,5111,4690,4870,4792,4931,4447.5,4855,4899,4946,4106,4421.5,3882.5,4271.5,3995.5,4028,3913,4347,4438,4837.5,4496,4762,4636,4977.5,4654,4544,4741,5001,4298,5018,4626,5047,4591,4757,12247,11415,11884.5,12281.5,11643,12377.5,11800,12153.5,8472,8392,8330,8619,8667,8536.5,8315,8086,8503,8785,8596,8857.5,9137,8973.5,9077.5,8110,16771.5,16786,16103,16275,16285,16595.5,15586,17447,40.5,17610,17034,17691,16382.5,15625,16525.5,16932,18578,16818.5,17944,17648,16302,17191,17284,5314,5541.5,4989,5569,5281,5271,5198,5426.5,4901,5146.5,4824,4910.5,4808,5032,4836.5,5267,4516,4679,4494,4835,4516,4802,4626.5,5155,4096.5,4482,4246.5,4600.5,4486,4531,4313,4518.5,4527,5053,4734,4879,4546,5038,4373,4819,4533.5,5036,4625,5176.5,4885.5,4918,4511,5205.5,11679,12211,12038,12441,11934.5,11776.5,12257,11612,8466,8693,9114.5,8991,9044,8906.5,9429,9317.5,9070,9220,9024,8645.5,9186,9265,9317.5,8981,17056.5,17696,17265,18203,17567.5,16975,16961,17365,18125.5,18775.5,17794,18230,18526,18309,17626,17937,17208,18351,17054,18595,17589.5,17553,17203.5,17063.5,5396.5,5672,5115,5494,5094,5646,5196,5642,4952,5184.5,4847,5373,5211,5340,4769,5403,4679,4931,4722,5302.5,4731,5016,4992,5342
MAN1A1,108,100,77,90.5,75,77,65,74,139,144,139,136,124,131,101,110,170,196,146,163,146.5,329,151,196,165,147,106.5,169,129,92.5,125,134,97.5,74,71.5,68.5,70,59,69,58,81,85,93,83,81,85.5,93,89.5,71,83.5,69,74.5,65,56,51.5,84.5,135.5,121,70.5,74,77,91,88,56,92,100,84,69.5,69,82,85,77,87.5,110,73,69.5,83.5,72,58,141,124,98,129,106,109,75,81,68.5,88,87,71,63,67,61,85.5,77.5,137,83,110.5,102,101,85.5,102.5,150.5,193,159,145,137,144,129,84,221,226,190,194,169,204,167,138,157,150,142,151.5,132.5,124,116,83.5,79,73,76.5,96,64,95,58,61,98.5,119,104.5,82,87.5,103,79,82,143,120,72,84,79,97.5,68,79.5,230.5,182,178,176.5,174,183,150,124,105,132,99,102,107,116,98,83,108,97.5,121.5,86,77,88,96,149,151,128,128,89,116,80.5,99.5,118,122.5,95.5,92,83.5,91,68,79,99,101.5,93.5,71,71,78.5,67,68.5,128.5,125,142,129,114.5,148,105,115,139.5,171.5,139,180,177,197,186,162,115,76.5,92,137.5,97,129,109,82,84,85,108,65,74,88.5,57,72,75,73,53,88,97,78,78,91,70,74,89,82,79.5,85.5,77,149,31,109,94,111,99,44,55.5,99,84,77.5,56,71,89,83.5,63,87.5,123,120,99,82,89.5,82,91,101,91.5,85,91,67,92.5,96,82,104,68,72,75,73.5,74,66,46,145.5,133,104,114,112,126,81,120,147,170,163,157.5,124,162,130,147,187.5,204,214,151,224.5,178,155,171,133,134,123,160.5,132,154.5,142.5,115,81,89,75,88,85,90,73.5,114,98.5,100,114,85.5,81,97,75.5,118,106,99,97,117,106,115,120,151,182,159.5,188,154,116,147.5,125,157,128,114,105,80,89,100,108,100,127,127,127,127,112,129,99.5,100,120.5,137.5,86,125.5,92.5,121,103,103,112.5,98.5,87,105,86,115,94,119
GLRA2,227,125.5,74,185.5,93,61.5,73,129.5,764,584,298,62,214,170,304,416,923,539,276,168,319,1023,587,634,1184,1006,837,993,976,354.5,1081.5,1250,479,494,274,220.5,317.5,148,325,308.5,536,490,406,161,418,591,390,438.5,386,188,307,160,151,269,248,393.5,1030,596,246,394,314,419,278,445,474,367.5,177,119,276,407.5,326,617.5,169.5,151,86,65,52,46,110.5,691.5,307.5,287,136,152,214.5,144.5,386,467,331.5,294,164.5,241,277,242.5,306,310,190,68,86.5,88,98,96,183,505,341,220,269,250,361,362,94,569,211,320,319.5,318,696.5,355,666,1240.5,723,801,1306,1139,1163,1041,351,403,238,285,202.5,53,484,386,477,402.5,359,332,586,477,544,448,134.5,245.5,319,216,348.5,179,453,248,590,895,395,228,287,274,576.5,322,404,302,226,203,320,229,463,403,370,157,95,57,49,42,79,127,395,242,285.5,360.5,175,333,305,412,349,340.5,227,234,325.5,332,301,198.5,255,101,90,84,75,80,85,120,223,357,292,137,244,215,189,299,262,309,216,403.5,227,449,281,442,1039.5,778,706,900.5,586,878,756.5,788,566,549,411,196,474,402,267,313,370.5,182,270.5,172.5,301,276.5,235,254.5,476.5,275.5,454,395.5,385.5,304.5,468.5,793,22,302,331,319,418.5,140,285.5,263.5,464,368.5,296.5,183,211.5,251,382,129.5,128,77,89,59.5,70,43,90,444,293,278.5,192,230,168,180,233.5,430,196,205,248,162,215,128.5,120,105.5,151,98,151,98,133.5,76,251,402,353.5,235,202,187,260,254,245,741,208,286.5,215,459,427,390,420,1054.5,833.5,765,1092,981,798,835,951,418,401,344.5,378,395,345,260,452.5,411,258,178.5,285,318.5,183.5,187,804,350,256,330,591.5,451.5,385,615.5,1279.5,439,134,419,264,221.5,258,299,283,279,329,264,167,212,213,361,504,67,76,139,130,85,60.5,87,210,286.5,188,153,95,245,400,406,337,238.5,237,147.5,186,158,448,184,293
CD200,258,203,152,268,75,77,130.5,229,935,611,367.5,155,268,198,296,495.5,1037,657,352.5,219,347,954,573,861,1538,1325,857,1238,1276.5,533,1456.5,1648,671,608,357,281,376,191,380.5,411,653,595.5,481.5,169,573,840,395.5,467,678,253.5,469,237.5,231,389,353,606,1491,746,307.5,476,428,459.5,328,489.5,668,615.5,219,164,332,500,355,793,341,314,121,84.5,78,64,155.5,803,366,334.5,204,181.5,237,222.5,501,664,629,538,328,397,453.5,343.5,488,377,283,158.5,136,137,107.5,105,323.5,572,393.5,172,297,224,369,368,112.5,780,384,337,341,391,627,346,937,1378.5,1074,1269,1574,1389.5,1250.5,1568.5,539,403,301.5,335,309,45,484,566,704,566,547,410,725.5,778,472,602,148.5,413.5,571,314,425,285.5,472,413,837,1109,374,277,334.5,369.5,472.5,457,585.5,422,378,370,356,353,358,654,588,197.5,109,87.5,76.5,84,94,122,462,328.5,311.5,465,196,434,421,617,587,450.5,459,385.5,428,421,451,415,399,139,106.5,150,181,150,108.5,166,232,402,356,163,279,251,210.5,309,448,476,406,547,349,515.5,418,609.5,1496,984,930,1174,802.5,1192,1114,1044,863,723.5,570.5,201,514.5,466,373,487,470,296,333,284,364,408,332,337,565,286,615.5,513,473,460,620.5,841,33.5,292,436,395,539,275,517,339,659.5,428,387,294,282,388,542,324,323,116,159,98.5,103,60,131.5,858,441,319,275,346,290,266,517.5,538,423,419,364,294,507,234,289,225,205,182,262,138,225,161.5,419,447,343,253,240,252,331,329,410.5,786.5,383.5,450,306,631.5,563,555,601,1041,956,1003,1219,1315.5,1138,1171,1218,593,520,381,465,463.5,469.5,382.5,630,602,322,238,379.5,419.5,289,234,1040,412,333.5,470,731,594,570,686.5,1819.5,544.5,187,554,342,370.5,393.5,407,346.5,357,498.5,416,170,304,321,608.5,704,111,94,204,259,128,127.5,125,346,417.5,223,196,158,395,745.5,662,626,525.5,361.5,272.5,314,404,449.5,306,372
SRP72,237,141,114.5,293,123,102,127,193,434,410,420,190,302.5,194,275,435.5,573,489,432,428,559,532,446,669,711,625,480,655,570.5,298,602.5,631.5,297,495,370,386,517,325,246,332,390.5,346,315,201,225,424,289,301,259.5,186,239,196,166.5,183,149,320,581,576,190,351.5,253,371.5,210,293,345,313.5,137,110,102,237,184,334.5,107.5,117.5,65,74,47.5,48,46,377,145,198,127.5,98,132.5,89,189,280.5,182,220,101.5,132,173,142,146,235,295,141,102,105.5,177,147,122,411.5,399,256,273.5,243,439,416,129,502,339,459,408,409,841,433,430,634,478.5,471.5,840,755,689,563.5,289,224,374,298,596.5,48,483,256,375,335,354,281,387,338,456.5,273,106.5,250,274,209.5,265,148.5,312,190,274.5,699.5,440,183,385.5,288,647,281,269,288,251,166,233,161,347.5,158,211,132,54,50,54,49,51,82,238.5,184,161.5,193.5,118,195,176,109,210.5,179,158,122,189.5,168,172,97,279,218.5,227,210,216,211,230,252,304.5,496.5,414.5,334,353,326,324,337,487,947.5,671,924.5,812.5,1002,668,891,811,576.5,564,825,534,738.5,588.5,585,401.5,441,356.5,258.5,410,405,261,320,342,382,271,303,393.5,388.5,231,283,310.5,250,457,265,391.5,234,390,707,49.5,373,499.5,387,486,240,624,264,494.5,244,328,224,285,220,439.5,185,162,120,117,106,129,87,95,352,231,217,163,229,152,149,216,275.5,165,184,173.5,146,169.5,129,164,232.5,247,240,313.5,275,281,223,402,449.5,447,424,344,420,474,386.5,333,725,1246,935.5,521,845,1044.5,754.5,628,512,588,618,801.5,746,773,583.5,760,338.5,323,359,437,372,455,318,524.5,319.5,277,268,399,349,388,216,561,247.5,276,279,486,408,421,352,728,590,301,610,435,396,512,448,457.5,283,361,245,302,249,354,302,564.5,153,123.5,159,179,148,92.5,91.5,129,225,229,199,166.5,219,269.5,280,221,219.5,141,163,153,191,286,174.5,208
MAF,107,205.5,140,138,105,70,83,97,424,329.5,486.5,178,160,87.5,104,95,524.5,366,386,251.5,176.5,578,182,140.5,327,300,422,543,212.5,236.5,209,230,177.5,153.5,147.5,147,61,64,70,225.5,192,253,182,124.5,95,99,81,90,336.5,361,161.5,170,96,96,92,88.5,704,309.5,197,231,130,182,155.5,107,277,357,153,125,143,110.5,95,119,132.5,114,96,95,59,49.5,75.5,239,348,265,334,210,163.5,76,91.5,305,243,406,153.5,150,102,56,169,139,184,136.5,168,145,80.5,97,98,376,191.5,402,241,86.5,99,138,52,892,767,368,241,318,224,159,293,402,598.5,505.5,374,273,202,229.5,194,141,142,160.5,96,35,90.5,113,143,227,200.5,215,111,92.5,134,118,46.5,438.5,309,189,205.5,155,94,135,122,341.5,241,377.5,328,185,115,110,160,199,317,266,251.5,183,60,101,182,150.5,83,130.5,60,29,42.5,92,758,567,275,277,157.5,124,91,120,331,305,279,139,88,87.5,225,145,1367,1548,1581,1298,1631,1430.5,1926,1876,534,1156.5,1120,1195,1119,1108.5,961,769,1533.5,2029,2175,2087,2299,2451.5,2228,2399,2207,1922,1902.5,1848,2038,1818,1807,1789,600,916,746,1165.5,825,570,648,1041,820,1216,958,1199.5,761,1164,966,914,998,960,1224,678,859,1136,1319,1104,32,1295,1453,1160,1613.5,1686.5,2196,1097,1891,1375,1326,1718.5,1411.5,1285,1983,762,822,765,552,607,524,541.5,473,1404,1286,1564.5,1137,1585,993,893.5,1286.5,761,1320,1361,1291.5,1208,1299,1163,1744,1298.5,1319,1556,1760,1698,2277,1751,1788,1553,1149,1089,1215.5,1745,1415,1158,804,1857,1896.5,2121,2003,1985,2574,2199,2624,1556.5,1830,1962.5,1749,1865,2290,1658,1953,987,1044,1147,868.5,774,770.5,1456,1243,1024,1157,952,1082,1182,893,1022,788,838,1078,1268,1066,1358,1527,1291.5,1851.5,1244,1548,1330,1707,1937.5,1708,1848,702,1293.5,1802,1523,1644,1473.5,1630,1389,1903.5,1183,938.5,903,883,789.5,523,358,828.5,1442,1796,1395.5,1153,1496.5,977,1279,1029.5,1634,1487,1202,1138,1472,1233.5,1291,1005
ACSL3,73,100.5,75.5,73,85.5,62,50,55,173.5,134,140,86.5,75,70,66,59.5,234,253.5,165.5,129,119,346,130.5,135,212,184,188,218.5,132.5,107.5,124,140,93,76,92,84,59,55.5,66,102.5,109,113.5,82.5,72,62,60,81.5,75,140,100,63,64,55,70,66,68,272.5,121,88,105,80,127,62,74,106,149,85.5,64.5,60,71.5,43,74.5,62,54,55,45.5,40,25,44.5,159,159,111.5,110,93.5,62,51.5,57,139,118,160,88,62.5,47,80,81,91,80,116.5,96,68,62,41,51,123,119,131,98,61,77,85,26,385.5,223,225.5,117,126.5,135,107,178,305,239,213,178,149,100,129,92.5,107,87.5,83,82,43.5,74.5,79.5,85,138,103,98,93,78,77,66,55,137,127,89,97,62,76,54,84,180,96,163.5,129,95,98,95.5,80.5,133,124,111.5,109,94,64,68,67,93.5,61.5,73,44,64,41,57,255,196,132,87,81,65,59.5,62,180,123,125.5,89,67.5,61.5,109,77.5,262,304,316,231,331,238,385,339,109,265,311,271,261,259.5,277,186,385,517.5,598,559,600,587,592,649,612,447,569.5,496,576.5,504,458,474.5,224,307,241.5,309.5,223,159,196.5,338.5,210,265,255,292,173,262.5,271,250,229.5,269,321,171.5,213.5,264,405,306,32,304,284,235.5,358,308.5,485,285,451,425,300,473,278,324,557.5,123.5,178,156.5,116,107.5,96,132.5,100,385.5,308,445.5,255,439,265,213,341.5,218.5,275,340,246,237,253.5,266,398.5,266.5,295.5,349,369,358,491,362,381,392,303.5,341,271,424,358,260,179,610.5,448,676.5,501,622.5,704,564.5,656,440,564,608,437,541,646.5,472,488,263,248,313,218,246,252.5,370,352.5,257,280,269,247,311,288,243.5,192,210,216,328,247,379.5,403.5,327,511,311,317,264,334,428.5,439,430.5,163.5,368.5,442,399,359.5,372,450,388.5,464,239,166,184,142,158,99,67.5,155,398,415.5,338,261,345.5,233,356,281,362,275,262.5,190.5,322,233,284,229
HERC3,338,299,197,276,157.5,130,121,147.5,899.5,444,637,353,313.5,244,202.5,261,908.5,690,507,424.5,428,693,423,381.5,729,569,607,792,421,376,368,404,279,194,224.5,173,107.5,85,109,314,519,360.5,289.5,193.5,223.5,179,226,169.5,541,371,228,183,143,135,94,117,1223,379.5,211.5,236,178.5,254.5,174,125,649.5,469,253,178,145,207,158,229.5,252,139.5,161.5,158,106,104,85,446.5,517,408.5,449.5,239,243,123,156,439.5,274,384.5,176,136,148,98,176.5,360.5,324.5,302.5,307.5,272.5,200,181,206,493,413,607,533,235,299,302,163,1105.5,937,670,550,572,492,465,768,828,791.5,783,621,471,355,410,373,258.5,240,251.5,143,67,136.5,211,300,333,310,355.5,256,242,237,190,125,712,465,252,301,193,187,178,310.5,683,521,603.5,559,421,398,292,450.5,326,418.5,378,326,320,190,221,425,230.5,138.5,177.5,135,124.5,108,170.5,849,760,366.5,389,244,207,152,333,366,272,306,225.5,183.5,142.5,278,336,1218,1149,1053.5,902,1211.5,944,1364,1342,646.5,928,1012,985.5,977,1054,938,812,1398.5,1652,1730.5,1680,1828,1864,1881,2046.5,1833.5,1333,1654.5,1440,1686,1482,1490,1544.5,718.5,668,628.5,888.5,644,510.5,661.5,988,797,782,790,781.5,577,879.5,854,735.5,903,831,996,561.5,627,896.5,1133.5,977.5,23,774,904,779.5,1151,962.5,1748,1326,1377,1206,929,1260,925,994.5,1708,625,575,568,384.5,352,355,428,391.5,1468,1117,1442,1055,1402,953,853.5,1463.5,685,806,842.5,664,690,833,742.5,1212.5,983,1004,1134.5,1405.5,1215.5,1640,1277,1773,1231.5,1027,1175.5,1036,1452,1226,1016,1089,1621,1436.5,1854.5,1511,1720,2145,1738,2704,1468.5,1546.5,1762,1286,1609,1860,1625.5,2018,923.5,785,855,655,769,771,1064,1324,797,900,960,834,922,792,780,930,687,702,1040,843,1108,1244,1056.5,2264,1140,1206,1037.5,1241.5,1403.5,1412,1506.5,868.5,1222.5,1442,1237,1127,1139,1418,1190,2024.5,810,581.5,658.5,574.5,494.5,387,350,933,1425,1601.5,1338,994,1198,992,1222,1483,1123,1051.5,805,654,915,764,816,1108
PTGER4,71,68,72,84,50.5,50,69,80,209,151,116,61,120,71,84,132.5,344,211,134,94,153,310,170,227,387,278.5,137,244,182,130,236.5,263,114,132,77,82,99,89,84,116,136,159,101.5,72,85.5,125,94,112,128,67,88,73,49,72,44.5,73,231,122.5,66,97.5,73,91,70,72,107,96,65,59,56,70,67,128.5,57,54,41.5,56,48,46.5,62,155,110.5,74,82,84.5,60,70,75,126,129.5,119.5,54,48,61,50,97.5,79.5,71,44,82,65,62.5,46,68,155,112,141.5,97,84.5,123.5,107,68,309,135,156.5,112,123,202.5,125,205,498,198,202,303,279,244,250,114,117,108.5,88,92,39,121,89,103,112,112,136,120,113.5,120,86.5,67,130,111,62,108.5,67,75,76,116,173,83,123,95.5,81,122,102,113.5,100.5,96,76,76.5,77,76,56,86,88.5,58,63,43,44,45,60,132,121,129,80,66,91.5,49.5,84,107,115,106,64,83,70,94.5,89,186,199,210,148,171,170.5,224.5,270,151,218.5,192,164,160,179,138.5,126,234.5,370,394,367,401,416,385,436,543,367,382,431,353,393,389,348,263,349,235,175,155,147.5,126,228.5,186.5,216,172,215,152,200,150,137,271,160,245,126,189,217,252,315,25.5,220,218,189,238.5,211.5,386,182.5,279,302,147,288.5,214,192,306,94.5,185,108.5,84.5,87,100,89,75,283,236,296.5,232,301,198,150,289,186.5,205,257,196,163,221,163,289,191,204,244,250,239.5,338,302,299.5,301.5,208,190,173,256,208,168,160,463,328,502.5,352,385,484,437.5,443,421,402.5,383.5,394.5,394,446,393,404,184,218,177.5,192,163.5,177.5,254,253,321,211,184,188,200.5,166,140,241,180,164.5,207,264.5,274,313,291,498,229,184,197,236,290.5,291,291,145,232,273,242.5,209,234,274.5,297.5,338.5,132,123.5,107,113,96,90,89.5,133,211,337,239,154,248,285,324,183,243.5,210,173.5,162.5,215.5,238,210,193.5