Name,Description,FKBP5,Kallikrein2,ZBTB10,BM039,TMEPAI,NKX3-1,KLK3,EAF2,MED28,ABCC4,SARG,GNMT,MPHOSPH9,NNMT,TNK1,MGC4504,MAN1A1,GLRA2,CD200,SRP72,MAF,ACSL3,HERC3,PTGER4,,Class
unstimulatedA_500A_A02,unstimulated,131,120,123,103,98,1113,613,40,46.5,291,30.5,85,117,151,556.5,3708,108,227,258,237,107,73,338,71,,0
unstimulatedA_500A_C02,unstimulated,134,88,87,144,103,845,1027,71,65,225,55,71,111,120,197.5,3908,100,125.5,203,141,205.5,100.5,299,68,,0
unstimulatedA_500A_E02,unstimulated,64,114,88,93,69,513,695,36,28.5,200,42,29,103,79,65,3889,77,74,152,114.5,140,75.5,197,72,,0
unstimulatedA_500A_G02,unstimulated,163,94,111,134,92.5,895.5,743,65,73.5,169,58,63,114,129.5,200,4084,90.5,185.5,268,293,138,73,276,84,,0
unstimulatedA_500A_I02,unstimulated,83,62,65,77,61.5,388.5,401,38,50.5,135,49,37,78,71.5,67.5,3502,75,93,75,123,105,85.5,157.5,50.5,,0
unstimulatedA_500A_K02,unstimulated,110.5,55.5,68,90,63,345,493,50,47.5,82,42,46,53,78.5,71,4416,77,61.5,77,102,70,62,130,50,,0
unstimulatedA_500A_M02,unstimulated,70.5,59,62.5,65,53,444,234,61,35.5,116,44,30,87,64,89.5,3801.5,65,73,130.5,127,83,50,121,69,,0
unstimulatedA_500A_O02,unstimulated,130,50,100.5,70,80,749,431.5,38.5,45,109.5,46.5,69,79,87,189.5,4123,74,129.5,229,193,97,55,147.5,80,,0
unstimulatedA_500B_A02,unstimulated,305,394,298,269,245,2162,1690,95,108,702.5,131,119,267.5,262,1118,4314,139,764,935,434,424,173.5,899.5,209,,0
unstimulatedA_500B_C02,unstimulated,255,234,233.5,237,215,1952.5,1273,108,110,375.5,96.5,107,198,238.5,848,4596,144,584,611,410,329.5,134,444,151,,0
unstimulatedA_500B_E02,unstimulated,203.5,225,164.5,273,124,1369,1285,100,35,561,75,72,161,177,546,4303,139,298,367.5,420,486.5,140,637,116,,0
unstimulatedA_500B_G02,unstimulated,113.5,87,87,147,90,744,867,65,65,227.5,38,66,89.5,120.5,107.5,5083,136,62,155,190,178,86.5,353,61,,0
unstimulatedA_500B_I02,unstimulated,155.5,135,111,118,85,963,561,77,78,236,48.5,71,94.5,140.5,382,4341,124,214,268,302.5,160,75,313.5,120,,0
unstimulatedA_500B_K02,unstimulated,104,83,79,80,72,986.5,329,69,33,142.5,88,58,97,122,394,4858,131,170,198,194,87.5,70,244,71,,0
unstimulatedA_500B_M02,unstimulated,146,94.5,119,110,79,1264,348,63,35,192,54,55.5,99,125.5,513.5,4337,101,304,296,275,104,66,202.5,84,,0
unstimulatedA_500B_O02,unstimulated,210,104.5,118,93,89.5,1499,248,72.5,51.5,149.5,74,57,93,172,734,4703,110,416,495.5,435.5,95,59.5,261,132.5,,0
unstimulatedA_500C_A02,unstimulated,354,308,348.5,304,258.5,2464,1560,105,108,740,139,117,330,347,1020,4461.5,170,923,1037,573,524.5,234,908.5,344,,0
unstimulatedA_500C_C02,unstimulated,400,233,261,323,198.5,1991,1349,165,126,456,166,140,233,333,545,5011.5,196,539,657,489,366,253.5,690,211,,0
unstimulatedA_500C_E02,unstimulated,229.5,200,156,269,90,1248,1143,99,78,542,87,103,166,190,350.5,4486,146,276,352.5,432,386,165.5,507,134,,0
unstimulatedA_500C_G02,unstimulated,183.5,113,125,204,99,806,952,84,64,317.5,88,94,110,194,203,5261.5,163,168,219,428,251.5,129,424.5,94,,0
unstimulatedA_500C_I02,unstimulated,257,180.5,213.5,200,95,1105,849,103,53,380,56,72.5,154,224,363,4591,146.5,319,347,559,176.5,119,428,153,,0
unstimulatedA_500C_K02,unstimulated,393.5,448.5,357.5,413,364,2628,1575,240,265.5,610.5,146,193.5,510,372,983,4156.5,329,1023,954,532,578,346,693,310,,0
unstimulatedA_500C_M02,unstimulated,269,208,195,178.5,148,1860.5,990.5,77,82.5,388,84,79.5,197,234,625,4452,151,587,573,446,182,130.5,423,170,,0
unstimulatedA_500C_O02,unstimulated,277,147.5,230,163,148.5,1937.5,831,69.5,75,275.5,105,116,158,295.5,321,4937,196,634,861,669,140.5,135,381.5,227,,0
unstimulatedA_501A_A02,unstimulated,449,725,510,217,541,2898,1291,118,140.5,594,214.5,243,302,322,2175,11363.5,165,1184,1538,711,327,212,729,387,,0
unstimulatedA_501A_C02,unstimulated,409.5,615,364.5,280,386.5,2367,1012,117,131,495.5,170.5,174,221.5,211.5,1832.5,11286,147,1006,1325,625,300,184,569,278.5,,0
unstimulatedA_501A_E02,unstimulated,269.5,326,199,245,292,2343,1328,96,87,491,118,122.5,232,171,1727,11462,106.5,837,857,480,422,188,607,137,,0
unstimulatedA_501A_G02,unstimulated,330.5,695.5,493.5,360,452,2689.5,1642.5,123,117,674,165,188.5,282,278,1531,12176.5,169,993,1238,655,543,218.5,792,244,,0
unstimulatedA_501A_I02,unstimulated,243,359,186,164,259,2556.5,1059,91.5,95,391,109,158.5,181,205,1903.5,11653,129,976,1276.5,570.5,212.5,132.5,421,182,,0
unstimulatedA_501A_K02,unstimulated,191,223,116,171.5,183.5,1976,939,75,69,341,95,117.5,124.5,139,1045,11563,92.5,354.5,533,298,236.5,107.5,376,130,,0
unstimulatedA_501A_M02,unstimulated,279.5,427,237,175,265.5,2669,972.5,80,96,362,113,157,187,210.5,1825,11008,125,1081.5,1456.5,602.5,209,124,368,236.5,,0
unstimulatedA_501A_O02,unstimulated,391,603.5,254,197.5,290,2739,1081,98,77,532,125,236,236,183,1768,11725,134,1250,1648,631.5,230,140,404,263,,0
unstimulatedA_501B_A02,unstimulated,202,240,164.5,117,164,1715,996.5,65,73,264.5,57,95,127.5,153,797,7797.5,97.5,479,671,297,177.5,93,279,114,,0
unstimulatedA_501B_C02,unstimulated,118,200,138,150,132,1346,511,54,68.5,201.5,52,69,104,113,703.5,8175,74,494,608,495,153.5,76,194,132,,0
unstimulatedA_501B_E02,unstimulated,171,151,137,116,103,1167,946,61,43.5,169,60.5,80,83,117.5,599,8304,71.5,274,357,370,147.5,92,224.5,77,,0
unstimulatedA_501B_G02,unstimulated,146,116.5,91.5,103,85,856,536,64,53,150.5,71.5,73,89,114.5,241,8404,68.5,220.5,281,386,147,84,173,82,,0
unstimulatedA_501B_I02,unstimulated,135,53.5,148.5,111,76,1018,220,68,56,120,58,84,73,101.5,424,8188,70,317.5,376,517,61,59,107.5,99,,0
unstimulatedA_501B_K02,unstimulated,122,71,62,66,58.5,659,121.5,65,47.5,72,54,48,51,82,241,8215.5,59,148,191,325,64,55.5,85,89,,0
unstimulatedA_501B_M02,unstimulated,74,92,63.5,72,72,1162.5,277.5,59,60,121,44.5,66.5,48,67.5,485.5,8271.5,69,325,380.5,246,70,66,109,84,,0
unstimulatedA_501B_O02,unstimulated,113,172,140.5,133,124,1125,1013,65,63,213,59,89,81,85,461,8288,58,308.5,411,332,225.5,102.5,314,116,,0
unstimulatedA_501C_A02,unstimulated,258,293.5,174,156.5,205,1864,1362,96,87.5,303,85,108.5,119,169.5,1171,8607,81,536,653,390.5,192,109,519,136,,0
unstimulatedA_501C_C02,unstimulated,216,251.5,208,201,162,1498,992,83,78,304,86,106,114,189,829.5,8804,85,490,595.5,346,253,113.5,360.5,159,,0
unstimulatedA_501C_E02,unstimulated,186,208,142,135,150,1591.5,906,79,96.5,231,64,78.5,91.5,170,766.5,8309,93,406,481.5,315,182,82.5,289.5,101.5,,0
unstimulatedA_501C_G02,unstimulated,142.5,96,81,91,73,744,440,50,56.5,157.5,55.5,60,63,95.5,241,8577,83,161,169,201,124.5,72,193.5,72,,0
unstimulatedA_501C_I02,unstimulated,109,138.5,84,92,106.5,1314,575,66,59,144,54,73,75,118,593.5,8808,81,418,573,225,95,62,223.5,85.5,,0
unstimulatedA_501C_K02,unstimulated,176,168,131,101.5,148,1505,315,64,56,191.5,92,89,94,167,982.5,9143.5,85.5,591,840,424,99,60,179,125,,0
unstimulatedA_501C_M02,unstimulated,156,149,106,101,102.5,1290.5,493.5,58,48,176,63.5,52.5,85,114.5,669,8776,93,390,395.5,289,81,81.5,226,94,,0
unstimulatedA_501C_O02,unstimulated,188.5,125,81,85,112,1296,328.5,59.5,44,156,76,55,94,122,692,8960,89.5,438.5,467,301,90,75,169.5,112,,0
unstimulatedA_502A_A02,unstimulated,192.5,241,194,163,181,1560,1449,69,41,398.5,47,110,110.5,96,913,14986,71,386,678,259.5,336.5,140,541,128,,0
unstimulatedA_502A_C02,unstimulated,79.5,128.5,121.5,244.5,100,1232.5,1226.5,80,70,348,41,92,97,129,567.5,15881,83.5,188,253.5,186,361,100,371,67,,0
unstimulatedA_502A_E02,unstimulated,113,131,106,108,100.5,1348,741,49,29,230,37,64,74,116.5,712,14604,69,307,469,239,161.5,63,228,88,,0
unstimulatedA_502A_G02,unstimulated,93,140,95,129,84.5,1208.5,532,77,58,187.5,60,72,74,89,484,15617,74.5,160,237.5,196,170,64,183,73,,0
unstimulatedA_502A_I02,unstimulated,82,62,66,85,59,1187,559,42,30.5,147,48.5,55,76,61,443,16096,65,151,231,166.5,96,55,143,49,,0
unstimulatedA_502A_K02,unstimulated,126,75,73,138,84,1370,582,63,61.5,163,29,52.5,81,97,663,16366,56,269,389,183,96,70,135,72,,0
unstimulatedA_502A_M02,unstimulated,88,88,73,74.5,63.5,1171.5,457,54,51,118,46.5,62,61,75,529,14736.5,51.5,248,353,149,92,66,94,44.5,,0
unstimulatedA_502A_O02,unstimulated,90.5,164,88.5,99,84,1630,423,60,52,171,53.5,83,84,106,950,16113,84.5,393.5,606,320,88.5,68,117,73,,0
unstimulatedA_502B_A02,unstimulated,347.5,558,420,331,460,2367,2060,141,115,854.5,171,222,321,181,1883,16138.5,135.5,1030,1491,581,704,272.5,1223,231,,0
unstimulatedA_502B_C02,unstimulated,329.5,511.5,227.5,252,281.5,2266,1228,69,83,450,125,114,223,261,1539,16770,121,596,746,576,309.5,121,379.5,122.5,,0
unstimulatedA_502B_E02,unstimulated,144,108,88,123,93,1119,854.5,73,48,257,49.5,70,97,119,614,17341,70.5,246,307.5,190,197,88,211.5,66,,0
unstimulatedA_502B_G02,unstimulated,166,107,120.5,182,140,1581,916,83,47,375,90,91,130,149.5,832,17549,74,394,476,351.5,231,105,236,97.5,,0
unstimulatedA_502B_I02,unstimulated,113,114,100,125,91,1193,727,67,48,204,62,65,93,77,610,16648,77,314,428,253,130,80,178.5,73,,0
unstimulatedA_502B_K02,unstimulated,30,235,123,214,161,1852.5,1329,86,63,378,71,99,161.5,159,1329.5,18402.5,91,419,459.5,371.5,182,127,254.5,91,,0
unstimulatedA_502B_M02,unstimulated,109,55,67,131.5,89,983.5,781.5,56,59,235,67,66.5,71.5,80,730,17549,88,278,328,210,155.5,62,174,70,,0
unstimulatedA_502B_O02,unstimulated,62,148,80,119,118.5,1279.5,717,70.5,36,186,82,82,118,105,1041,17810,56,445,489.5,293,107,74,125,72,,0
unstimulatedA_502C_A02,unstimulated,146,197,142,138,173,1438,1368,90.5,129,413,69,94,123,102,1026.5,15474,92,474,668,345,277,106,649.5,107,,0
unstimulatedA_502C_C02,unstimulated,210,325.5,172,281,175,1308,1600,108,112,479.5,76,105,160.5,146,773,16251.5,100,367.5,615.5,313.5,357,149,469,96,,0
unstimulatedA_502C_E02,unstimulated,76,75.5,67,91,90.5,619,843,51.5,44,189,31,49,60,80.5,322,15590,84,177,219,137,153,85.5,253,65,,0
unstimulatedA_502C_G02,unstimulated,78.5,76,56,100,63,444,464,46,33,161,48,45,74.5,65.5,151,16043,69.5,119,164,110,125,64.5,178,59,,0
unstimulatedA_502C_I02,unstimulated,49.5,55.5,53,73,76,749,696.5,62,50,133,46,62,65,71,292,17068,69,276,332,102,143,60,145,56,,0
unstimulatedA_502C_K02,unstimulated,68,110.5,53.5,144,83,987.5,810,77,57,222.5,43,77,59,74,595.5,18066.5,82,407.5,500,237,110.5,71.5,207,70,,0
unstimulatedA_502C_M02,unstimulated,63,82,76,71,73.5,917,474,58,53.5,144,53.5,68,68,62.5,468,16305,85,326,355,184,95,43,158,67,,0
unstimulatedA_502C_O02,unstimulated,105,173,106.5,89,125,1298,566,58,52,210,73.5,118,109.5,67,860,16583.5,77,617.5,793,334.5,119,74.5,229.5,128.5,,0
unstimulatedA_503A_A02,unstimulated,101.5,76,79,92,72.5,894,1102,63.5,45,232.5,40,61.5,77.5,59,292,4929,87.5,169.5,341,107.5,132.5,62,252,57,,0
unstimulatedA_503A_C02,unstimulated,107,101,76,117,105,856.5,765.5,64,47,182,29,41,77.5,86.5,267,5121.5,110,151,314,117.5,114,54,139.5,54,,0
unstimulatedA_503A_E02,unstimulated,68,52,42,88,50,473,753,58.5,38,135.5,54,29,63.5,87.5,195,4954,73,86,121,65,96,55,161.5,41.5,,0
unstimulatedA_503A_G02,unstimulated,64.5,66,41,77,52.5,340,580,42.5,45,147,30,41,66,65,83,5515.5,69.5,65,84.5,74,95,45.5,158,56,,0
unstimulatedA_503A_K02,unstimulated,18,72,60,80,56,103.5,235,46,44,84,44,51,50,53,66,5523,83.5,52,78,47.5,59,40,106,48,,0
unstimulatedA_503A_M02,unstimulated,25.5,47,33.5,51,34,117,140,35,26,73,21,54,35,33,65,5017,72,46,64,48,49.5,25,104,46.5,,0
unstimulatedA_503A_O02,unstimulated,88,54,50,64,62,521,227,46,30.5,92,35,46,47,57,115,5270,58,110.5,155.5,46,75.5,44.5,85,62,,0
unstimulatedA_503B_A02,unstimulated,219,264.5,254,143,175,1988,944,97.5,67,362,81,112,192,156.5,1069,4538,141,691.5,803,377,239,159,446.5,155,,0
unstimulatedA_503B_C02,unstimulated,151,187,181,363,137,1521.5,1368,101.5,92,361.5,43,97,129,138,648,4930,124,307.5,366,145,348,159,517,110.5,,0
unstimulatedA_503B_E02,unstimulated,107,110.5,118,185,120,1030,1012,62,74,257,54.5,72.5,125,102,570,4561,98,287,334.5,198,265,111.5,408.5,74,,0
unstimulatedA_503B_G02,unstimulated,90,96.5,95.5,253,95,893.5,1092,67.5,81,308,61,71,100,84,209,4907,129,136,204,127.5,334,110,449.5,82,,0
unstimulatedA_503B_I02,unstimulated,85,75,72,148.5,80,747,889,55,51,186,52,78,74,91.5,272,4650,106,152,181.5,98,210,93.5,239,84.5,,0
unstimulatedA_503B_K02,unstimulated,128,90.5,72,169,92,974,754,46,78,176.5,39,80.5,95.5,110,488,5010,109,214.5,237,132.5,163.5,62,243,60,,0
unstimulatedA_503B_M02,unstimulated,74,56,57,77.5,57,709,423.5,40.5,52,110,52,46,56,81,198,4585,75,144.5,222.5,89,76,51.5,123,70,,0
unstimulatedA_503B_O02,unstimulated,108,93,89,90.5,81,1206.5,343,40,52,111,70,61,68,99.5,615,4875,81,386,501,189,91.5,57,156,75,,0
unstimulatedA_503C_A02,unstimulated,179,327,196,177,216,1615,1604,67,99,405,82,120,203,106,940,4335,68.5,467,664,280.5,305,139,439.5,126,,0
unstimulatedA_503C_C02,unstimulated,212,253,172,242.5,179,1241.5,1219,90,73.5,284,66,115,123,115,655,4214,88,331.5,629,182,243,118,274,129.5,,0
unstimulatedA_503C_E02,unstimulated,212,266.5,203,246,191,1443,1773,104,101,435,55.5,120,174.5,90.5,705.5,4092,87,294,538,220,406,160,384.5,119.5,,0
unstimulatedA_503C_G02,unstimulated,69.5,89.5,99,137,84,766.5,763,67.5,48,164.5,52.5,73,73.5,62,282,4392,71,164.5,328,101.5,153.5,88,176,54,,0
unstimulatedA_503C_I02,unstimulated,62.5,83,70,105.5,74,916,627.5,46,45,131,48,77,94,65,453,4265,63,241,397,132,150,62.5,136,48,,0
unstimulatedA_503C_K02,unstimulated,79,118.5,85,144,112,1069,683,46,58,156.5,44,65.5,66,70,703.5,4452,67,277,453.5,173,102,47,148,61,,0
unstimulatedA_503C_M02,unstimulated,90,72,49.5,77,60,855,362,59,37,106,32,54,87.5,56,568,4657,61,242.5,343.5,142,56,80,98,50,,0
unstimulatedA_503C_O02,unstimulated,99,155,112,143,105,1116,817,85,46,213,72.5,91,93,76,711,4884,85.5,306,488,146,169,81,176.5,97.5,,0
unstimulatedB_500A_B02,unstimulated,199.5,87.5,131,158,103,1231,726,45,56,251,57,78,150,167,411,3981,77.5,310,377,235,139,91,360.5,79.5,,0
unstimulatedB_500A_D02,unstimulated,173,93,100.5,146,93,1033,759,61,72.5,194.5,70,82,110,149,262,4368.5,137,190,283,295,184,80,324.5,71,,0
unstimulatedB_500A_F02,unstimulated,115,129.5,74,170,100.5,623,977,41.5,83,241.5,46,58,89,94,147,3804,83,68,158.5,141,136.5,116.5,302.5,44,,0
unstimulatedB_500A_H02,unstimulated,123,49,93,150,81,596,964,105,41,197,68,68,107.5,95.5,113,4537,110.5,86.5,136,102,168,96,307.5,82,,0
unstimulatedB_500A_J02,unstimulated,100,60,72,136,59,563.5,780.5,59,38,203.5,48,42.5,112,98,136,4365,102,88,137,105.5,145,68,272.5,65,,0
unstimulatedB_500A_L02,unstimulated,111.5,55,70,105,79.5,544,617.5,47,63,123,45,55,100,67.5,114,4213,101,98,107.5,177,80.5,62,200,62.5,,0
unstimulatedB_500A_N02,unstimulated,77,54,66,94,54,490,458.5,35,56,159,46,40.5,85,87,113.5,4237,85.5,96,105,147,97,41,181,46,,0
unstimulatedB_500A_P02,unstimulated,125,63,70,86,68,1047,627,37,45,144.5,47.5,58,71.5,92,288.5,4406,102.5,183,323.5,122,98,51,206,68,,0
unstimulatedB_500B_B02,unstimulated,307,258,240,258,174,1801,982,109.5,80,495,83.5,76,218,239,759.5,4285,150.5,505,572,411.5,376,123,493,155,,0
unstimulatedB_500B_D02,unstimulated,235,150,141,165.5,131,1492,873.5,73,86.5,307.5,91,76,137,245,550,4923.5,193,341,393.5,399,191.5,119,413,112,,0
unstimulatedB_500B_F02,unstimulated,238,149.5,124,273,101,1120,1144.5,109.5,44,598.5,88.5,99.5,186,200,386,4504,159,220,172,256,402,131,607,141.5,,0
unstimulatedB_500B_H02,unstimulated,259,127.5,118,213,137,1467.5,1581,91,76.5,412,87,89,136,224,338,4833,145,269,297,273.5,241,98,533,97,,0
unstimulatedB_500B_J02,unstimulated,142,120,94,92,85.5,1025,94,54,24,207.5,38,50,105.5,98,381,4667,137,250,224,243,86.5,61,235,84.5,,0
unstimulatedB_500B_L02,unstimulated,219,139,118,112.5,115.5,1317.5,474.5,61,43,175,65,68,135.5,198.5,621,4816,144,361,369,439,99,77,299,123.5,,0
unstimulatedB_500B_N02,unstimulated,192.5,113,141,101,96.5,1412,436,71,42.5,242.5,64,58,121,161,661,4499,129,362,368,416,138,85,302,107,,0
unstimulatedB_500B_P02,unstimulated,55,65,51,75,56,627,118.5,49,63,91,37.5,59,37,67,299,4358.5,84,94,112.5,129,52,26,163,68,,0
unstimulatedB_500C_B02,unstimulated,568.5,458,433,469,377,1864.5,1923,141,103.5,969,185,157,333,355.5,714.5,4477,221,569,780,502,892,385.5,1105.5,309,,0
unstimulatedB_500C_D02,unstimulated,399,254,246,353,195,1529,1864,122,114,684,111,114,275,336,331,4967,226,211,384,339,767,223,937,135,,0
unstimulatedB_500C_F02,unstimulated,316,197.5,197,311,140.5,1209.5,1642.5,94,79,639,94.5,106,169.5,270,458,4631.5,190,320,337,459,368,225.5,670,156.5,,0
unstimulatedB_500C_H02,unstimulated,221.5,154,146,194,127,1447,946.5,95.5,80,348,101,100.5,174,249,373,5085.5,194,319.5,341,408,241,117,550,112,,0
unstimulatedB_500C_J02,unstimulated,272.5,218,159.5,302,156.5,1435,1344,100,59.5,628,96,84.5,161,248.5,463,4660,169,318,391,409,318,126.5,572,123,,0
unstimulatedB_500C_L02,unstimulated,288,198,222,214,218,2066.5,785.5,92.5,68,308,126,126,234.5,324,670,5041,204,696.5,627,841,224,135,492,202.5,,0
unstimulatedB_500C_N02,unstimulated,258,149.5,165,189,138.5,1531,786,83,56,382,87,75,195,215,417,4700,167,355,346,433,159,107,465,125,,0
unstimulatedB_500C_P02,unstimulated,281,183,240,266,211.5,2050,1914,141.5,54,511,126,167,218.5,277.5,884,5038,138,666,937,430,293,178,768,205,,0
unstimulatedB_501A_B02,unstimulated,628,709,452.5,301,500,2931.5,1669.5,164,174,643,213,281.5,293,273,1966,11642,157,1240.5,1378.5,634,402,305,828,498,,0
unstimulatedB_501A_D02,unstimulated,346,508,275.5,334,352.5,2375,1570,150,133,636,167,169,225,212,1366,11818,150,723,1074,478.5,598.5,239,791.5,198,,0
unstimulatedB_501A_F02,unstimulated,399,459.5,288,305.5,377,2676.5,1732,125,146.5,570,164.5,181,224.5,217,1297,11936,142,801,1269,471.5,505.5,213,783,202,,0
unstimulatedB_501A_H02,unstimulated,388.5,629,360.5,288,435,2816,1377,129.5,93,629,193,208.5,228,247,2334,12034,151.5,1306,1574,840,374,178,621,303,,0
unstimulatedB_501A_J02,unstimulated,404.5,465,295.5,207,310,2781,1087,97,87,461,147,155.5,202,250,2409,11595,132.5,1139,1389.5,755,273,149,471,279,,0
unstimulatedB_501A_L02,unstimulated,307,425,229,172.5,319,2542,757,91.5,71,385.5,141,147,160,224,1859,12027,124,1163,1250.5,689,202,100,355,244,,0
unstimulatedB_501A_N02,unstimulated,252,352.5,225,183.5,264,2603.5,1151,109.5,87.5,380,118,205,170,188,1648.5,11611,116,1041,1568.5,563.5,229.5,129,410,250,,0
unstimulatedB_501A_P02,unstimulated,205,160,112,109,136,1826,1040,43,55.5,294,110,88,103,139,758,11970,83.5,351,539,289,194,92.5,373,114,,0
unstimulatedB_501B_B02,unstimulated,184,166,152,109,112,1347.5,785,96,97,224,73,93.5,86,141,527,8209.5,79,403,403,224,141,107,258.5,117,,0
unstimulatedB_501B_D02,unstimulated,139,121,137,126,87,906.5,653.5,55,60,190.5,60,72,95,119,346,8728.5,73,238,301.5,374,142,87.5,240,108.5,,0
unstimulatedB_501B_F02,unstimulated,116,112,105,101,86,1208,809,58,59.5,224,56,84,95,135,525.5,8377,76.5,285,335,298,160.5,83,251.5,88,,0
unstimulatedB_501B_H02,unstimulated,182.5,88.5,244,178,80,908.5,291.5,67,49,147.5,50.5,98,57,113.5,394,8664,96,202.5,309,596.5,96,82,143,92,,0
unstimulatedB_501B_J02,unstimulated,80,28,23,39,47,85,55,27,66,36.5,21,45,38,43,38,8460,64,53,45,48,35,43.5,67,39,,0
unstimulatedB_501B_L02,unstimulated,175,117,112,79,96.5,1322,185,27,58,135,70,70.5,76,122,705.5,8867,95,484,484,483,90.5,74.5,136.5,121,,0
unstimulatedB_501B_N02,unstimulated,123,136,73,87,98,1301.5,668,52,72,148,36,74,94,91,489,8882,58,386,566,256,113,79.5,211,89,,0
unstimulatedB_501B_P02,unstimulated,241,199.5,124,107,125,1623,1077,49,34,248,89,116,119,87,892,8291,61,477,704,375,143,85,300,103,,0
unstimulatedB_501C_B02,unstimulated,311,279,156.5,167,198.5,1552,1259.5,109,85,299,72,104,133.5,204,914,8956,98.5,402.5,566,335,227,138,333,112,,0
unstimulatedB_501C_D02,unstimulated,244,211.5,159.5,194,165,1478,923,81,81.5,300.5,81,90,127,175,695,9094,119,359,547,354,200.5,103,310,112,,0
unstimulatedB_501C_F02,unstimulated,291,180,98.5,126,125,1489.5,1206,56,0,350,42.5,91,99,220,735,8667,104.5,332,410,281,215,98,355.5,136,,0
unstimulatedB_501C_H02,unstimulated,199,225,154,125,148,1758.5,673,85,69,227,74,75,119,200,965,9587,82,586,725.5,387,111,93,256,120,,0
unstimulatedB_501C_J02,unstimulated,172,125,121,100,129,1662,518.5,55,49,204,64,92,94,184,758.5,8987,87.5,477,778,338,92.5,78,242,113.5,,0
unstimulatedB_501C_L02,unstimulated,216,198,142,137,144,1505,576,74.5,53,204,77.5,78,96,162,1111,9086,103,544,472,456.5,134,77,237,120,,0
unstimulatedB_501C_N02,unstimulated,132,98,82,63,106.5,1389.5,370,76,51,160,65,71,68.5,127,590,8966,79,448,602,273,118,66,190,86.5,,0
unstimulatedB_501C_P02,unstimulated,69,83,64,62,67,519,191,51,58.5,114,55,61.5,55,66,182,9458,82,134.5,148.5,106.5,46.5,55,125,67,,0
unstimulatedB_502A_B02,unstimulated,160,167,159,210,182,1476,1713,102,114.5,502,70.5,111,143,142.5,744,16316,143,245.5,413.5,250,438.5,137,712,130,,0
unstimulatedB_502A_D02,unstimulated,206.5,250,129,290,137,1666.5,1285.5,98,70,419.5,85.5,125,136.5,155,843,17047,120,319,571,274,309,127,465,111,,0
unstimulatedB_502A_F02,unstimulated,121,88.5,87.5,88,98,1538,831,44,103,290.5,2.5,49,89.5,61,626,17481,72,216,314,209.5,189,89,252,62,,0
unstimulatedB_502A_H02,unstimulated,175,133,127,179.5,102.5,1890,1068,90,57,297,68,97,84,141,833.5,17331,84,348.5,425,265,205.5,97,301,108.5,,0
unstimulatedB_502A_J02,unstimulated,95,58,86.5,116,61,1180.5,862.5,69,51,187,43.5,60,55,88,436.5,16742.5,79,179,285.5,148.5,155,62,193,67,,0
unstimulatedB_502A_L02,unstimulated,156,147,129.5,127,106,1736,484,54,48,193,57.5,78,105,157,950.5,17237,97.5,453,472,312,94,76,187,75,,0
unstimulatedB_502A_N02,unstimulated,124,85,65.5,94.5,71,1339,693,49,44,157,36,57.5,70,84,457,16437.5,68,248,413,190,135,54,178,76,,0
unstimulatedB_502A_P02,unstimulated,109.5,189,104,158,132,2237,967.5,35,45,313.5,58,138,93,137,1117,17333,79.5,590,837,274.5,122,84,310.5,116,,0
unstimulatedB_502B_B02,unstimulated,366,425,284,266,375,2565,1350.5,102,106,596,143.5,126,272.5,259,2045.5,17629,230.5,895,1109,699.5,341.5,180,683,173,,0
unstimulatedB_502B_D02,unstimulated,297,161,145,206,133.5,1766,970,103,57,458.5,105,66,141,249,1163.5,18072,182,395,374,440,241,96,521,83,,0
unstimulatedB_502B_F02,unstimulated,157,151,134.5,236,189,1174,1520.5,99,83,621.5,58,80,144,165,562,17548,178,228,277,183,377.5,163.5,603.5,123,,0
unstimulatedB_502B_H02,unstimulated,229.5,205,149,232.5,170,1613,1253,97,71,532,101.5,79,171,225,1009,17922,176.5,287,334.5,385.5,328,129,559,95.5,,0
unstimulatedB_502B_J02,unstimulated,157.5,123,120,143.5,102,1264,1046,70,42,367,43,69,102,124,669,18903.5,174,274,369.5,288,185,95,421,81,,0
unstimulatedB_502B_L02,unstimulated,157,211.5,116,158,164,2002.5,787,73.5,43,365.5,81.5,100,148,252,1740,19079,183,576.5,472.5,647,115,98,398,122,,0
unstimulatedB_502B_N02,unstimulated,159,89,109,103,94.5,1122.5,736,70,59,245.5,55,75,71,117,699.5,17965,150,322,457,281,110,95.5,292,102,,0
unstimulatedB_502B_P02,unstimulated,243,156,104,152,156,1369,1327,86,57.5,421,62,91,111,143,975,17315,124,404,585.5,269,160,80.5,450.5,113.5,,0
unstimulatedB_502C_B02,unstimulated,164.5,183,129,165,163,1210,1321,95,90,300,74,97.5,124,95.5,637,16889.5,105,302,422,288,199,133,326,100.5,,0
unstimulatedB_502C_D02,unstimulated,119,179.5,142,204,158,927,1352.5,89.5,80,390.5,79,83,138,111,400,18184,132,226,378,251,317,124,418.5,96,,0
unstimulatedB_502C_F02,unstimulated,76,85,113,122,99,935.5,1341,67,69,244,69,96,80,89.5,278,17293,99,203,370,166,266,111.5,378,76,,0
unstimulatedB_502C_H02,unstimulated,158.5,167,123,176.5,130,1039.5,1205.5,64,72,311,70,69.5,133.5,106.5,592,17781.5,102,320,356,233,251.5,109,326,76.5,,0
unstimulatedB_502C_J02,unstimulated,76.5,84,80,122,100,797,1077,62.5,60.5,270,53,49,85.5,78,303,17050.5,107,229,353,161,183,94,320,77,,0
unstimulatedB_502C_L02,unstimulated,88,140,91,91,120,1286,320,37,46.5,150,81.5,61,79,109,963,17398.5,116,463,358,347.5,60,64,190,76,,0
unstimulatedB_502C_N02,unstimulated,79.5,82,63.5,102,90,1070,569,50,39,150,50,78.5,56.5,65.5,455,15923,98,403,654,158,101,68,221,56,,0
unstimulatedB_502C_P02,unstimulated,107,130,80,95,101.5,1348.5,985,113.5,58,300,63,101.5,110,95.5,733,17884,83,370,588,211,182,67,425,86,,0
unstimulatedB_503A_B02,unstimulated,91,95,91,123.5,84,859.5,1222,87,74,259.5,33.5,57,88,117.5,323,4913,108,157,197.5,132,150.5,93.5,230.5,88.5,,0
unstimulatedB_503A_D02,unstimulated,57,55.5,45.5,89,48,583,530.5,57,47,112,44,40,57,71.5,149,5362,97.5,95,109,54,83,61.5,138.5,58,,0
unstimulatedB_503A_F02,unstimulated,81,40.5,43,64,81,288.5,758,44,16,168,87,40,61,56.5,95,4712,121.5,57,87.5,50,130.5,73,177.5,63,,0
unstimulatedB_503A_H02,unstimulated,39,31.5,32,55,40,176,455,48,20,108,9.5,30,51,56,54.5,5371,86,49,76.5,54,60,44,135,43,,0
unstimulatedB_503A_J02,unstimulated,28,45,30,50,55.5,174.5,283.5,50,12,96,32,34.5,23,33,98.5,5200,77,42,84,49,29,64,124.5,44,,0
unstimulatedB_503A_N02,unstimulated,56,38.5,57,36,50,278,198.5,50,42,72,24,63,46.5,46,72,5017.5,88,79,94,51,42.5,41,108,45,,0
unstimulatedB_503A_P02,unstimulated,68.5,80,86,76,57,515,486,47,63.5,166,41,52,46,68,179,5829,96,127,122,82,92,57,170.5,60,,0
unstimulatedB_503B_B02,unstimulated,246,247.5,243,381,199,1882,2093.5,137.5,84,674,65,136.5,265,159.5,845,4914,149,395,462,238.5,758,255,849,132,,0
unstimulatedB_503B_D02,unstimulated,172,176,187,435,145,1653,1831.5,119,96,552.5,68,136,190.5,196,586,5272,151,242,328.5,184,567,196,760,121,,0
unstimulatedB_503B_F02,unstimulated,125,99,122,158,119,1307,965.5,102,70,319,51,100,135,130,453,4985,128,285.5,311.5,161.5,275,132,366.5,129,,0
unstimulatedB_503B_H02,unstimulated,158,147,119.5,246,114,1457,1348.5,93.5,70,316.5,39,96,128,150,609,5238,128,360.5,465,193.5,277,87,389,80,,0
unstimulatedB_503B_J02,unstimulated,95,57,65,126,55,803,837,46.5,64,159,48,60,107,78,365,5006.5,89,175,196,118,157.5,81,244,66,,0
unstimulatedB_503B_L02,unstimulated,119,76.5,74,93,83,1136,481.5,54.5,49,152,84,93,88.5,119,492.5,5308,116,333,434,195,124,65,207,91.5,,0
unstimulatedB_503B_N02,unstimulated,86,67,61,91,70,1105.5,391,68,52,122.5,44,69,77,91,538,4900.5,80.5,305,421,176,91,59.5,152,49.5,,0
unstimulatedB_503B_P02,unstimulated,113.5,90.5,70,103,86.5,1112,649,59,44,147,42,78,70.5,104.5,482,5111,99.5,412,617,109,120,62,333,84,,0
unstimulatedB_503C_B02,unstimulated,171,255,159.5,215,187,1461,1730.5,98,78.5,412,65,107,195,107,842,4690,118,349,587,210.5,331,180,366,107,,0
unstimulatedB_503C_D02,unstimulated,168,202,162,219,133,1238.5,1245.5,74,67,349.5,68,94,108,116,693,4870,122.5,340.5,450.5,179,305,123,272,115,,0
unstimulatedB_503C_F02,unstimulated,126,154,158,183,170,1217.5,1432,91,75,338,57,97,166.5,75,604.5,4792,95.5,227,459,158,279,125.5,306,106,,0
unstimulatedB_503C_H02,unstimulated,132,164,103.5,171.5,106.5,1083.5,1068,72.5,54,227,64,70,99,91.5,724,4931,92,234,385.5,122,139,89,225.5,64,,0
unstimulatedB_503C_J02,unstimulated,101,110,73.5,83,86.5,1189,612,56,60.5,172,65,62.5,98,76,785,4447.5,83.5,325.5,428,189.5,88,67.5,183.5,83,,0
unstimulatedB_503C_L02,unstimulated,114,133,104,94.5,94,1221,323,63,40.5,125,29,71.5,75,81.5,804.5,4855,91,332,421,168,87.5,61.5,142.5,70,,0
unstimulatedB_503C_N02,unstimulated,109,103.5,87,171,137,1264,1224.5,78,86.5,264,51,104.5,142,78,521,4899,68,301,451,172,225,109,278,94.5,,0
unstimulatedB_503C_P02,unstimulated,131,72.5,101,83,92,1105,1111,85,53,266,34,57.5,68,86,604,4946,79,198.5,415,97,145,77.5,336,89,,0
androgenA_500A_A23,androgen,585.5,345.5,206,677,193,1890,2816,219.5,95,906,117,172.5,225,309,255,4106,99,255,399,279,1367,262,1218,186,,1
androgenA_500A_C23,androgen,704.5,296,141,900,248,1899.5,3059,383,122,907,123,359,218.5,351,135,4421.5,101.5,101,139,218.5,1548,304,1149,199,,1
androgenA_500A_E23,androgen,631.5,334.5,126,973,180,1873.5,2789,258,84,1177,96,231.5,205,253.5,98.5,3882.5,93.5,90,106.5,227,1581,316,1053.5,210,,1
androgenA_500A_G23,androgen,484.5,229.5,136,639,190,1638.5,2831,251,137,673,98.5,240.5,195,257,119.5,4271.5,71,84,150,210,1298,231,902,148,,1
androgenA_500A_I23,androgen,752,338,175,1001,238,1875.5,2935.5,275.5,88.5,1075,99.5,326.5,217,269,89,3995.5,71,75,181,216,1631,331,1211.5,171,,1
androgenA_500A_K23,androgen,599.5,190.5,141,771.5,216,1853,2755,313,101.5,745,107,299,206,268,90,4028,78.5,80,150,211,1430.5,238,944,170.5,,1
androgenA_500A_M23,androgen,807,395,190,1035,263,2015,2901.5,295,115,1202,108,361.5,257,289,119.5,3913,67,85,108.5,230,1926,385,1364,224.5,,1
androgenA_500A_O23,androgen,827.5,316,203,1073,311,2215.5,3261,388,185,1100,147,394,297.5,358,122.5,4347,68.5,120,166,252,1876,339,1342,270,,1
androgenA_500B_A23,androgen,330.5,141,161,306,114,1284,1927,117,75,671.5,71.5,69,155,279,294.5,4438,128.5,223,232,304.5,534,109,646.5,151,,1
androgenA_500B_C23,androgen,558.5,324.5,184.5,698,224,2062,2797.5,242,106.5,870,153,172.5,245,403,643.5,4837.5,125,357,402,496.5,1156.5,265,928,218.5,,1
androgenA_500B_E23,androgen,624.5,421.5,231,830,204,1882,3046,219,81,1083,128,129,241,405.5,515,4496,142,292,356,414.5,1120,311,1012,192,,1
androgenA_500B_G23,androgen,636,253,152,699.5,221.5,1767,2687,251,112,843.5,113,205,228,346,365,4762,129,137,163,334,1195,271,985.5,164,,1
androgenA_500B_I23,androgen,588,390.5,213,773.5,215.5,1765,2928.5,224,84.5,1087,139,164,239,400.5,619,4636,114.5,244,279,353,1119,261,977,160,,1
androgenA_500B_K23,androgen,580,346,169,793,258,2075,2934,323.5,134,882,151,197,211.5,411,474,4977.5,148,215,251,326,1108.5,259.5,1054,179,,1
androgenA_500B_M23,androgen,526.5,377.5,170,752,216,1697,2842,235,73,1073,126,150.5,179,318,509,4654,105,189,210.5,324,961,277,938,138.5,,1
androgenA_500B_O23,androgen,345,278,128,487,193.5,1795,2705.5,191.5,53.5,638.5,96,134,192,272.5,738,4544,115,299,309,337,769,186,812,126,,1
androgenA_500C_A23,androgen,742,482,283.5,856,278,2171,2953.5,336,102,1489,166.5,190.5,321.5,472,462.5,4741,139.5,262,448,487,1533.5,385,1398.5,234.5,,1
androgenA_500C_C23,androgen,1007,439.5,393.5,1258,442,2434.5,4001,542,237,1502,265,463.5,341,572,457,5001,171.5,309,476,947.5,2029,517.5,1652,370,,1
androgenA_500C_E23,androgen,1148.5,596.5,468,1460,478,2453.5,3629,416,212.5,1799,291.5,402,420,597,323,4298,139,216,406,671,2175,598,1730.5,394,,1
androgenA_500C_G23,androgen,1073,548,418,1256.5,468,2750,3773,525,271,1539.5,271,470.5,425,677,530.5,5018,180,403.5,547,924.5,2087,559,1680,367,,1
androgenA_500C_I23,androgen,1159,627,460,1401,449,2543,3729,508.5,184,1845.5,261,449,382.5,642.5,369,4626,177,227,349,812.5,2299,600,1828,401,,1
androgenA_500C_K23,androgen,1318.5,636,463,1519,513,3079.5,4156,723.5,258.5,1819,315,616,451,845,433,5047,197,449,515.5,1002,2451.5,587,1864,416,,1
androgenA_500C_M23,androgen,1210,628.5,380,1422,515.5,2618.5,3845,515,181,1896,269,510,379.5,630,372,4591,186,281,418,668,2228,592,1881,385,,1
androgenA_500C_O23,androgen,1170,726,429,1515,579.5,3178,3967,781,302,1880,339.5,594,567,746.5,456.5,4757,162,442,609.5,891,2399,649,2046.5,436,,1
androgenA_501A_A23,androgen,1178,932.5,613,1180,682,4021,3929,880.5,334,1815.5,361,570,367,556,1537,12247,115,1039.5,1496,811,2207,612,1833.5,543,,1
androgenA_501A_C23,androgen,948.5,733,384,1090,443,2826,3074,552.5,176,1236,240,364.5,316,387.5,1302,11415,76.5,778,984,576.5,1922,447,1333,367,,1
androgenA_501A_E23,androgen,907,842,397,983.5,504,2966,3663.5,693,194.5,1306,260.5,485,313,381.5,1256,11884.5,92,706,930,564,1902.5,569.5,1654.5,382,,1
androgenA_501A_G23,androgen,870.5,859,415,1122.5,522,3046,3408,509,189,1311,255.5,368,341,458,1678,12281.5,137.5,900.5,1174,825,1848,496,1440,431,,1
androgenA_501A_I23,androgen,1065,845,366,883.5,549.5,3036,3699,568.5,221,1286.5,254,461.5,384,464,1421,11643,97,586,802.5,534,2038,576.5,1686,353,,1
androgenA_501A_K23,androgen,1021,907,435,1079,573,3031,3131.5,456.5,229,1204.5,289.5,384,349,495,1732,12377.5,129,878,1192,738.5,1818,504,1482,393,,1
androgenA_501A_M23,androgen,969,754,305.5,980,559,3007,3430,443,176,1183.5,204.5,420.5,291,423.5,1319,11800,109,756.5,1114,588.5,1807,458,1490,389,,1
androgenA_501A_O23,androgen,797.5,862,333.5,1057,471.5,2848.5,3063,565,200,1255.5,215,388.5,284,365,1305,12153.5,82,788,1044,585,1789,474.5,1544.5,348,,1
androgenA_501B_A23,androgen,467,316.5,288,350.5,268,2170,2526,220,113,617,120,151,169,323,684,8472,84,566,863,401.5,600,224,718.5,263,,1
androgenA_501B_C23,androgen,572,484,351.5,553,337,1750.5,2337,218.5,164,725,151,216,211,241.5,806.5,8392,85,549,723.5,441,916,307,668,349,,1
androgenA_501B_E23,androgen,351,294.5,165,443,210,1817,2194,232,112.5,595,101,140,122,261,670,8330,108,411,570.5,356.5,746,241.5,628.5,235,,1
androgenA_501B_G23,androgen,585,366,155,730.5,205,1453,2437.5,266,130,798.5,113,200,145,223,405,8619,65,196,201,258.5,1165.5,309.5,888.5,175,,1
androgenA_501B_I23,androgen,389,359,163.5,421.5,226,1908.5,2441.5,241,89,630,78,154.5,141,247,1028,8667,74,474,514.5,410,825,223,644,155,,1
androgenA_501B_K23,androgen,293.5,304,175.5,347,200.5,1494,2095,178,103,533,94,116,117,232,814,8536.5,88.5,402,466,405,570,159,510.5,147.5,,1
androgenA_501B_M23,androgen,354,228,123,431,166,1525,2436,228,131,601,75,141,117,215.5,426.5,8315,57,267,373,261,648,196.5,661.5,126,,1
androgenA_501B_O23,androgen,569.5,501.5,254.5,678,294.5,1691,2647,322,135,825.5,108,228,190,263,505.5,8086,72,313,487,320,1041,338.5,988,228.5,,1
androgenA_501C_A23,androgen,471,307,212.5,407,214,1918,2650,295,138,723.5,111.5,136.5,136,304,787,8503,75,370.5,470,342,820,210,797,186.5,,1
androgenA_501C_C23,androgen,560.5,395,220,637.5,244.5,1413,2573,386.5,135,684,126,255,145.5,257,480,8785,73,182,296,382,1216,265,782,216,,1
androgenA_501C_E23,androgen,483,348,144,448,231.5,1534,2679,258.5,170,690,67.5,187.5,149,252,530,8596,53,270.5,333,271,958,255,790,172,,1
androgenA_501C_G23,androgen,523.5,159.5,166,642,213,1548,2536.5,308,127.5,795,97,207,135,245,364,8857.5,88,172.5,284,303,1199.5,292,781.5,215,,1
androgenA_501C_I23,androgen,428.5,264,138,362,170,1609,2398,232,64,558,84,158.5,122.5,270,869,9137,97,301,364,393.5,761,173,577,152,,1
androgenA_501C_K23,androgen,567,430,185,651,262,1580.5,2454.5,326,137.5,803,120,219,168,295,794,8973.5,78,276.5,408,388.5,1164,262.5,879.5,200,,1
androgenA_501C_M23,androgen,485.5,339,149,554,219,1562.5,2713.5,355,111.5,668,92,188,129.5,263,559,9077.5,78,235,332,231,966,271,854,150,,1
androgenA_501C_O23,androgen,553,344,150,551.5,207.5,1470,2424,323,78,698,116,181,127,224.5,620,8110,91,254.5,337,283,914,250,735.5,137,,1
androgenA_502A_A23,androgen,477,351.5,294,509,240.5,2310,2657,236.5,146,904,100,187,178,255,744,16771.5,70,476.5,565,310.5,998,229.5,903,271,,1
androgenA_502A_E23,androgen,427,326,128,623.5,214,1603,2813,243,48,860,94,155,140,242,517.5,16786,74,275.5,286,250,960,269,831,160,,1
androgenA_502A_G23,androgen,606,515,209,895.5,258,2289,2956,276,97,996,127.5,254,235,366,952,16103,89,454,615.5,457,1224,321,996,245,,1
androgenA_502A_I23,androgen,288,290,125.5,422.5,162.5,2074,2289,158,69,588,80.5,151,145,214,785,16275,82,395.5,513,265,678,171.5,561.5,126,,1
androgenA_502A_K23,androgen,62,371,186,669,206,2263,2332,192,86,814.5,92,168,187,321,958,16285,79.5,385.5,473,391.5,859,213.5,627,189,,1
androgenA_502A_M23,androgen,355,255,136,701,199,1950.5,2586,237,94.5,865,69.5,184,155,203.5,493,16595.5,85.5,304.5,460,234,1136,264,896.5,217,,1
androgenA_502A_O23,androgen,772.5,554,210,1059.5,329.5,2446,3039,341,120,1251,151.5,299,267.5,338,899,15586,77,468.5,620.5,390,1319,405,1133.5,252,,1
androgenA_502B_A23,androgen,624,505,369,552.5,375,2966.5,3049,319,144,1102,128,199,271.5,442.5,1761,17447,149,793,841,707,1104,306,977.5,315,,1
androgenA_502B_C23,androgen,31.5,43,24,36.5,23.5,23.5,35.5,44,16,37,26.5,20,26,32,34,40.5,31,22,33.5,49.5,32,32,23,25.5,,1
androgenA_502B_E23,androgen,546.5,321.5,128,613,234.5,1959,2792,245,106,998,66,209,177,312,1095,17610,109,302,292,373,1295,304,774,220,,1
androgenA_502B_G23,androgen,771.5,430,217,812.5,313,2191.5,3008,304,113,1098,156,263,230,380,1317,17034,94,331,436,499.5,1453,284,904,218,,1
androgenA_502B_I23,androgen,519,325,159,620,271,1920,2864,254.5,109,886,100,218,178,309.5,1106.5,17691,111,319,395,387,1160,235.5,779.5,189,,1
androgenA_502B_K23,androgen,460,596,208.5,1020.5,344.5,2340,3164,392.5,126,1159,193,300.5,272,480,1381.5,16382.5,99,418.5,539,486,1613.5,358,1151,238.5,,1
androgenA_502B_M23,androgen,532,357,187,908,329,1762.5,2970.5,385,106.5,1413,63.5,343.5,215,220,580,15625,44,140,275,240,1686.5,308.5,962.5,211.5,,1
androgenA_502B_O23,androgen,0,821,362,1613.5,548,2727.5,3180.5,636,243,1608,206,581,407,334,1397,16525.5,55.5,285.5,517,624,2196,485,1748,386,,1
androgenA_502C_A23,androgen,381.5,247.5,186,533,211,1733,3023,360.5,168,925.5,99,163,114,182,382,16932,99,263.5,339,264,1097,285,1326,182.5,,1
androgenA_502C_C23,androgen,903,601,316,1038,399,2268.5,3506,478,174.5,1432,193,430,267,360,842,18578,84,464,659.5,494.5,1891,451,1377,279,,1
androgenA_502C_E23,androgen,605.5,349,228,745,318,1802,3341,370,152.5,1066,120,331,194,186,347,16818.5,77.5,368.5,428,244,1375,425,1206,302,,1
androgenA_502C_G23,androgen,569,370,179.5,689,237,1685,3123,300,108,963,137,233.5,162.5,259,613,17944,56,296.5,387,328,1326,300,929,147,,1
androgenA_502C_I23,androgen,618,407,183,768,326.5,1809,3357,385,161,1201,123,366.5,171,194,424,17648,71,183,294,224,1718.5,473,1260,288.5,,1
androgenA_502C_K23,androgen,513,353.5,179.5,689.5,247.5,1417.5,3063.5,292,130.5,999,108,241,147,233,530,16302,89,211.5,282,285,1411.5,278,925,214,,1
androgenA_502C_M23,androgen,318,239,115,608,225,1450.5,3087,324,126.5,914,66,237,116,136.5,431,17191,83.5,251,388,220,1285,324,994.5,192,,1
androgenA_502C_O23,androgen,1066,720,293,1349.5,487.5,2246,3921.5,742.5,199,1652,192,524,284,275,851,17284,63,382,542,439.5,1983,557.5,1708,306,,1
androgenA_503A_A23,androgen,327,172,107,321.5,137,1348,2755.5,199,70,709.5,54,120,166.5,217,319,5314,87.5,129.5,324,185,762,123.5,625,94.5,,1
androgenA_503A_C23,androgen,541.5,330.5,186,517.5,210.5,1350.5,2648.5,202,116.5,635,75,162.5,138,257,244,5541.5,123,128,323,162,822,178,575,185,,1
androgenA_503A_E23,androgen,396,177,86,359,129,1163,2505.5,194,81,614,58,149.5,104,232,211.5,4989,120,77,116,120,765,156.5,568,108.5,,1
androgenA_503A_G23,androgen,299,143.5,55,328,120,922,2061,132,68,443,45,123,80.5,201,220.5,5569,99,89,159,117,552,116,384.5,84.5,,1
androgenA_503A_I23,androgen,266.5,129,56,258,92,886,2108,121,46.5,477.5,54,85,104,154,156,5281,82,59.5,98.5,106,607,107.5,352,87,,1
androgenA_503A_K23,androgen,287.5,102,84,298,101.5,768,1900.5,136,63,378,59,103.5,86,144,121,5271,89.5,70,103,129,524,96,355,100,,1
androgenA_503A_M23,androgen,256,124,47,286,77,816,2270,152.5,62,505,66,99,81.5,142,93,5198,82,43,60,87,541.5,132.5,428,89,,1
androgenA_503A_O23,androgen,298.5,109,67,314,117,876,2083,139.5,57,429,73,103,75,143,126,5426.5,91,90,131.5,95,473,100,391.5,75,,1
androgenA_503B_A23,androgen,605,530,277,864,406,2230,3419,423.5,152.5,1238,128,250,344,216,627,4901,101,444,858,352,1404,385.5,1468,283,,1
androgenA_503B_C23,androgen,649,473,207.5,1088,320,2046,3072.5,328,128,1025.5,148,268,183,296,549,5146.5,91.5,293,441,231,1286,308,1117,236,,1
androgenA_503B_E23,androgen,664,537,192.5,1108,313,2216,3574,363,167,1318,80,295,308,288.5,516,4824,85,278.5,319,217,1564.5,445.5,1442,296.5,,1
androgenA_503B_G23,androgen,585,387,156,948,246,1904,3027,331,121,981,107,252,175,252,311,4910.5,91,192,275,163,1137,255,1055,232,,1
androgenA_503B_I23,androgen,692,630.5,221,1143,323,2195,3546,390,151,1188.5,141,332,292,291,459.5,4808,67,230,346,229,1585,439,1402,301,,1
androgenA_503B_K23,androgen,523,365,109,955,242.5,1828,2890.5,269.5,122.5,862,97,231,192,225.5,291,5032,92.5,168,290,152,993,265,953,198,,1
androgenA_503B_M23,androgen,326.5,250,101.5,637,166,1540,2534,223,94,777,81,206,169,163,376,4836.5,96,180,266,149,893.5,213,853.5,150,,1
androgenA_503B_O23,androgen,881,573,287,1288,468,2207.5,3307.5,420,210.5,1242,178,374.5,282,301,446.5,5267,82,233.5,517.5,216,1286.5,341.5,1463.5,289,,1
androgenA_503C_A23,androgen,310,247,223,346,231,2148.5,2467,222,84,700,80,129.5,172,108,775,4516,104,430,538,275.5,761,218.5,685,186.5,,1
androgenA_503C_C23,androgen,547,356,171,815,257,1802,2974,304,101,890.5,88.5,316,158,141,435,4679,68,196,423,165,1320,275,806,205,,1
androgenA_503C_E23,androgen,481,336.5,197.5,624,269,1732,3069,323.5,135,906,83,320,214,125,394,4494,72,205,419,184,1361,340,842.5,257,,1
androgenA_503C_G23,androgen,430,322,160,731,219.5,1760,2789,313,91.5,895,85,261,158,142,572,4835,75,248,364,173.5,1291.5,246,664,196,,1
androgenA_503C_I23,androgen,315,256,120,455.5,207,1323,2891,233,78.5,793.5,67,207,210,120,462.5,4516,73.5,162,294,146,1208,237,690,163,,1
androgenA_503C_K23,androgen,577,464,169,757,287.5,1920,2873.5,326,117,922,127.5,312,209,181,514.5,4802,74,215,507,169.5,1299,253.5,833,221,,1
androgenA_503C_M23,androgen,346,252,119.5,632,210.5,1510.5,2907.5,309.5,97,935.5,54,256,174,102.5,237,4626.5,66,128.5,234,129,1163,266,742.5,163,,1
androgenA_503C_O23,androgen,917.5,546,207.5,1219,412,2209.5,3369.5,570.5,177,1326,142.5,461,247,172.5,242.5,5155,46,120,289,164,1744,398.5,1212.5,289,,1
androgenB_500A_B23,androgen,510,332.5,208.5,664.5,203,1526,2589,243,80,966.5,88.5,179,197,285,142,4096.5,145.5,105.5,225,232.5,1298.5,266.5,983,191,,1
androgenB_500A_D23,androgen,666.5,288.5,195,710.5,233,1770,2731.5,309.5,127,790,129,277,203.5,380.5,144,4482,133,151,205,247,1319,295.5,1004,204,,1
androgenB_500A_F23,androgen,766,369,216.5,924.5,225,1961,2797,298,104,1231,114,240,276,419,165,4246.5,104,98,182,240,1556,349,1134.5,244,,1
androgenB_500A_H23,androgen,917,405,193,1033,320,2459,3266,417,160,1046,164,413.5,301,420,174,4600.5,114,151,262,313.5,1760,369,1405.5,250,,1
androgenB_500A_J23,androgen,693,345,192,1030,237,1926,3290,326,105,1256,116.5,330,273,374.5,136,4486,112,98,138,275,1698,358,1215.5,239.5,,1
androgenB_500A_L23,androgen,988,456.5,255.5,1323,371,2684,3385.5,540,194,1256,170.5,553,353,470.5,186.5,4531,126,133.5,225,281,2277,491,1640,338,,1
androgenB_500A_N23,androgen,765,407.5,200.5,998.5,319.5,1886.5,2974.5,291.5,118.5,1224,126,352.5,308,307.5,126,4313,81,76,161.5,223,1751,362,1277,302,,1
androgenB_500A_P23,androgen,839,407,293,1130,361,2564,3607,603,184,1407,208,335,303,499,335.5,4518.5,120,251,419,402,1788,381,1773,299.5,,1
androgenB_500B_B23,androgen,788.5,509,272.5,951,273,2211.5,2921.5,202,85.5,1345,178.5,216,191,493,661,4527,147,402,447,449.5,1553,392,1231.5,301.5,,1
androgenB_500B_D23,androgen,689,341,201,784.5,251,2198,2973,253,114.5,1024,149.5,209,221,488.5,526,5053,170,353.5,343,447,1149,303.5,1027,208,,1
androgenB_500B_F23,androgen,659,412,218,778,221,1990,2664,247,111,1195,148,175,239,458.5,562.5,4734,163,235,253,424,1089,341,1175.5,190,,1
androgenB_500B_H23,androgen,642,300,142,752,220,2004,3029,289.5,111.5,956.5,144,193,213,417.5,434,4879,157.5,202,240,344,1215.5,271,1036,173,,1
androgenB_500B_J23,androgen,905.5,502,230,1134,314.5,2166,3225.5,399,110,1569,176,303.5,256,453,472,4546,124,187,252,420,1745,424,1452,256,,1
androgenB_500B_L23,androgen,724,446,209,913,334,2390,3153,337.5,149,1180,206,222,284,537,662,5038,162,260,331,474,1415,358,1226,208,,1
androgenB_500B_N23,androgen,535.5,362.5,184,739.5,214,1880,2629,237,82,1147.5,103,160.5,190,411,629,4373,130,254,329,386.5,1158,260,1016,168,,1
androgenB_500B_P23,androgen,494.5,255.5,149.5,575,199,1896.5,2874,297,105,886,133,154,177,368.5,675,4819,147,245,410.5,333,804,179,1089,160,,1
androgenB_500C_B23,androgen,942,575,521.5,1072,391.5,2553.5,3400,432.5,177,1749,239,313,395,710,879,4533.5,187.5,741,786.5,725,1857,610.5,1621,463,,1
androgenB_500C_D23,androgen,956,380,403.5,1179,398,2239.5,3607.5,503,192,1439.5,247.5,520,300,661,404,5036,204,208,383.5,1246,1896.5,448,1436.5,328,,1
androgenB_500C_F23,androgen,1375,759,482.5,1387,449,2585,4130.5,493,232.5,2133,267.5,420,417,723.5,525,4625,214,286.5,450,935.5,2121,676.5,1854.5,502.5,,1
androgenB_500C_H23,androgen,1092,435,287.5,1168,376,2491,3908,548,230,1570,233,451.5,359,643.5,307.5,5176.5,151,215,306,521,2003,501,1511,352,,1
androgenB_500C_J23,androgen,1120.5,651,435,1404,446,2630,3563.5,496.5,175,1917,275,499,392,694.5,590,4885.5,224.5,459,631.5,845,1985,622.5,1720,385,,1
androgenB_500C_L23,androgen,1381,736,437,1727,557,3233,4555.5,908,299.5,2035,386,764,517,912,469.5,4918,178,427,563,1044.5,2574,704,2145,484,,1
androgenB_500C_N23,androgen,1154,545,343,1401,407,2597.5,3714,544,174,1828,238.5,446.5,393,623.5,426,4511,155,390,555,754.5,2199,564.5,1738,437.5,,1
androgenB_500C_P23,androgen,1265,748,398,1756,612,3285,4300,1104,319,2339,334,574,562,732,625,5205.5,171,420,601,628,2624,656,2704,443,,1
androgenB_501A_B23,androgen,783.5,709,446,812.5,498,2956,3455,555.5,235,1096,234.5,350,287.5,455,1347.5,11679,133,1054.5,1041,512,1556.5,440,1468.5,421,,1
androgenB_501A_D23,androgen,1123,939.5,444,1236,534.5,2998,3478,560,249,1432.5,285,478,354.5,504,1276,12211,134,833.5,956,588,1830,564,1546.5,402.5,,1
androgenB_501A_F23,androgen,971,911,407,1240,552,3181,3683,689,239,1469.5,276,537,322,502,1346,12038,123,765,1003,618,1962.5,608,1762,383.5,,1
androgenB_501A_H23,androgen,878,820.5,416.5,938,491.5,3040,3204,503,180,1308.5,270,333.5,326,480,1959.5,12441,160.5,1092,1219,801.5,1749,437,1286,394.5,,1
androgenB_501A_J23,androgen,1037,936.5,411,1039.5,619,3316.5,3489.5,520,244.5,1275.5,294,472.5,346.5,534,1891,11934.5,132,981,1315.5,746,1865,541,1609,394,,1
androgenB_501A_L23,androgen,1243.5,1226.5,499.5,1328,672.5,3355,3644,624,314,1665,366.5,582,450,573,1792,11776.5,154.5,798,1138,773,2290,646.5,1860,446,,1
androgenB_501A_N23,androgen,890.5,768.5,360,973,522.5,3243,3678.5,543,225,1194.5,246,444.5,329,460,1534,12257,142.5,835,1171,583.5,1658,472,1625.5,393,,1
androgenB_501A_P23,androgen,751,1124,493,1178.5,605.5,3152,3537,837,258,1733,285,371,370,447,1706,11612,115,951,1218,760,1953,488,2018,404,,1
androgenB_501B_B23,androgen,451.5,431.5,169,589,248,1863.5,2630,283,143,861,119.5,161,157,289,707,8466,81,418,593,338.5,987,263,923.5,184,,1
androgenB_501B_D23,androgen,463,370.5,195,596,208,1563.5,2403,210,105,786.5,104,176.5,132,320,567,8693,89,401,520,323,1044,248,785,218,,1
androgenB_501B_F23,androgen,555,380,177,535.5,220,1836,2886.5,251.5,148.5,824,84,210,172,257,636,9114.5,75,344.5,381,359,1147,313,855,177.5,,1
androgenB_501B_H23,androgen,408,402.5,189,516.5,222,1783,2310,209.5,71,655,118,161,143,289,801,8991,88,378,465,437,868.5,218,655,192,,1
androgenB_501B_J23,androgen,432,274,138,462,204,1759,2486,236,94.5,700.5,107,166.5,136,296,833.5,9044,85,395,463.5,372,774,246,769,163.5,,1
androgenB_501B_L23,androgen,379,305,167,533,218,1719,2330,226,120,727,120,142,126,307,669,8906.5,90,345,469.5,455,770.5,252.5,771,177.5,,1
androgenB_501B_N23,androgen,733.5,494,178.5,850.5,289,2141.5,3139,410,198,1117,120.5,292,244,326,408,9429,73.5,260,382.5,318,1456,370,1064,254,,1
androgenB_501B_P23,androgen,589,618,320,726,313,2205,3106,407,155,1351,146,210,253,363,836.5,9317.5,114,452.5,630,524.5,1243,352.5,1324,253,,1
androgenB_501C_B23,androgen,568,475,309,469,317,1710,2602,286.5,146,734,140,232,188,312,780,9070,98.5,411,602,319.5,1024,257,797,321,,1
androgenB_501C_D23,androgen,551,426,206,678.5,226,1531.5,2682,378,123,938,115,234.5,146,332,560.5,9220,100,258,322,277,1157,280,900,211,,1
androgenB_501C_F23,androgen,424,265,142,519,265,1492,2621,340,118.5,805,94.5,262.5,128,254,390,9024,114,178.5,238,268,952,269,960,184,,1
androgenB_501C_H23,androgen,600,382.5,182,589,222,1605,2553,314,114.5,808,138,205,163,339,737,8645.5,85.5,285,379.5,399,1082,247,834,188,,1
androgenB_501C_J23,androgen,653.5,373,175,627,258,1824,2950.5,380,175,828,123,288.5,164,348,656,9186,81,318.5,419.5,349,1182,311,922,200.5,,1
androgenB_501C_L23,androgen,579,352,150,560,190.5,1493.5,2597,285,98,756.5,135,208,139,321,559,9265,97,183.5,289,388,893,288,792,166,,1
androgenB_501C_N23,androgen,456,294,118,481,187,1483,2642,342,146,707,96,211,138.5,255,476,9317.5,75.5,187,234,216,1022,243.5,780,140,,1
androgenB_501C_P23,androgen,348.5,461,265,410.5,305,2047,2361,333,121,796,147,193.5,158,336,1572,8981,118,804,1040,561,788,192,930,241,,1
androgenB_502A_B23,androgen,372,317.5,176,455,199,1869,2440.5,204,89,802,104,133,151,278.5,641,17056.5,106,350,412,247.5,838,210,687,180,,1
androgenB_502A_D23,androgen,360,339.5,120,648.5,175,1666,2558.5,204,79,888,64,180,156,257,556.5,17696,99,256,333.5,276,1078,216,702,164.5,,1
androgenB_502A_F23,androgen,476,387,220,713,264,1949,2852,291,112.5,918.5,96,213.5,179.5,237,580,17265,97,330,470,279,1268,328,1040,207,,1
androgenB_502A_H23,androgen,667,474,308,703,307.5,2546,2725,275,138,1027,132,220,227,430,1159,18203,117,591.5,731,486,1066,247,843,264.5,,1
androgenB_502A_J23,androgen,598,446.5,224,843,317,2431,3057.5,316.5,123,1132,123,275.5,213,307,841.5,17567.5,106,451.5,594,408,1358,379.5,1108,274,,1
androgenB_502A_L23,androgen,662.5,662,261,1105,347,2441,3197,319,172,1323,219.5,309,269,448,851,16975,115,385,570,421,1527,403.5,1244,313,,1
androgenB_502A_N23,androgen,506,481,260,778,261,2441,2920.5,312.5,142.5,1041.5,124,274,206,278,855,16961,120,615.5,686.5,352,1291.5,327,1056.5,291,,1
androgenB_502A_P23,androgen,807.5,1294.5,506.5,1596,720,3121,3379.5,689,195,1769,331,516,454.5,513.5,1679,17365,151,1279.5,1819.5,728,1851.5,511,2264,498,,1
androgenB_502B_B23,androgen,611,424,222.5,718.5,355,2332,3056.5,359,132,1194.5,170,211,252,441,1701,18125.5,182,439,544.5,590,1244,311,1140,229,,1
androgenB_502B_D23,androgen,811,324,157.5,939,260,1785,3165,378,131,1364.5,156,259.5,207.5,425,632,18775.5,159.5,134,187,301,1548,317,1206,184,,1
androgenB_502B_F23,androgen,625,431,222.5,706,329,2262,2972.5,332,150.5,1095,153,221.5,207,475,1697,17794,188,419,554,610,1330,264,1037.5,197,,1
androgenB_502B_H23,androgen,897,489,231,982,323,2327.5,3114.5,370.5,138,1374,207,278,270,555.5,1324,18230,154,264,342,435,1707,334,1241.5,236,,1
androgenB_502B_J23,androgen,898,496,252,1086,409,2280,3555,440,160.5,1514,198,409,283,458,872,18526,116,221.5,370.5,396,1937.5,428.5,1403.5,290.5,,1
androgenB_502B_L23,androgen,1019.5,538.5,249,1169.5,410,2403,3193,465.5,146,1489,241,390,334,539,1042,18309,147.5,258,393.5,512,1708,439,1412,291,,1
androgenB_502B_N23,androgen,836.5,416.5,229,1040,351,2308,3493,440.5,174,1449.5,168,365,255.5,420,914,17626,125,299,407,448,1848,430.5,1506.5,291,,1
androgenB_502B_P23,androgen,326.5,373,200,437,218.5,1945.5,2763,252.5,114,958,159.5,144,165,387.5,942.5,17937,157,283,346.5,457.5,702,163.5,868.5,145,,1
androgenB_502C_B23,androgen,548.5,345.5,203.5,608.5,276,1917,3041,345,193,1121,144,208.5,167,308.5,475,17208,128,279,357,283,1293.5,368.5,1222.5,232,,1
androgenB_502C_D23,androgen,840,449,228,1049,334,2060,3562,521,170,1461,167,378.5,229,359,655.5,18351,114,329,498.5,361,1802,442,1442,273,,1
androgenB_502C_F23,androgen,603.5,367,202,658.5,352,1659,2960,348,213,969.5,113,293,193,230,381,17054,105,264,416,245,1523,399,1237,242.5,,1
androgenB_502C_H23,androgen,552.5,406,142,979,271,1741,3473.5,394,126,1246,126,279.5,184,266.5,406,18595,80,167,170,302,1644,359.5,1127,209,,1
androgenB_502C_J23,androgen,511,353,137,659,280,1640,3273,366.5,128,1021,103,304,172.5,199,459.5,17589.5,89,212,304,249,1473.5,372,1139,234,,1
androgenB_502C_L23,androgen,623,596.5,239,966.5,408,2104,3572,453.5,233.5,1418,193,395.5,214,365.5,534,17553,100,213,321,354,1630,450,1418,274.5,,1
androgenB_502C_N23,androgen,591,378,251,715.5,365,1710.5,3130,367.5,183.5,1097,128,287,168,232,551,17203.5,108,361,608.5,302,1389,388.5,1190,297.5,,1
androgenB_502C_P23,androgen,963,644,314,1306.5,486,2542,4081,770.5,234,1943,214,343,351,385,1083,17063.5,100,504,704,564.5,1903.5,464,2024.5,338.5,,1
androgenB_503A_B23,androgen,517,218,86,577,149,1399,3043,237,86,945.5,77,182,160,223,103.5,5396.5,127,67,111,153,1183,239,810,132,,1
androgenB_503A_D23,androgen,427,192.5,101,492,133,1108,2481.5,213.5,87,702,79.5,142,104,217,186,5672,127,76,94,123.5,938.5,166,581.5,123.5,,1
androgenB_503A_F23,androgen,408,191,73.5,443.5,141.5,1291.5,2816,247,65.5,693,64.5,163,136,226,278,5115,127,139,204,159,903,184,658.5,107,,1
androgenB_503A_H23,androgen,439,217,85,452.5,134,1309,2542,189.5,73,631,88,148,104,246,358,5494,127,130,259,179,883,142,574.5,113,,1
androgenB_503A_J23,androgen,364,148.5,102,350,145.5,1179.5,2635,196.5,44.5,631,47,102,122,206,263.5,5094,112,85,128,148,789.5,158,494.5,96,,1
androgenB_503A_L23,androgen,287,126.5,53,309,95,906,2137,139,88,450,75.5,111,84,187,206.5,5646,129,60.5,127.5,92.5,523,99,387,90,,1
androgenB_503A_N23,androgen,198,125,82,185.5,99,622,1736.5,96.5,54,369.5,52,71,80,141,135,5196,99.5,87,125,91.5,358,67.5,350,89.5,,1
androgenB_503A_P23,androgen,522,213,124,580,186,1701,3035,334.5,70,871,74,130,138,303,387,5642,100,210,346,129,828.5,155,933,133,,1
androgenB_503B_B23,androgen,679,542,230,1081,326,2090,3364.5,428.5,180,1329,141,264,261.5,277.5,453,4952,120.5,286.5,417.5,225,1442,398,1425,211,,1
androgenB_503B_D23,androgen,765,603,212,1526,384,2312,3606,471,182.5,1484.5,156,349,245,373,461.5,5184.5,137.5,188,223,229,1796,415.5,1601.5,337,,1
androgenB_503B_F23,androgen,595,433,153,1002,286,1927,3341,374,118,1190,108,270.5,274.5,250,267,4847,86,153,196,199,1395.5,338,1338,239,,1
androgenB_503B_H23,androgen,525.5,401,133,906,236,1617,3083,295.5,110,976,100,238,145,262.5,242,5373,125.5,95,158,166.5,1153,261,994,154,,1
androgenB_503B_J23,androgen,656,436,194.5,932,288.5,1920,3359.5,338,152.5,1148,110,311,268,263,432,5211,92.5,245,395,219,1496.5,345.5,1198,248,,1
androgenB_503B_L23,androgen,601,522.5,267,879,295,1887,2822.5,276,138,871.5,145.5,241,222,285,717,5340,121,400,745.5,269.5,977,233,992,285,,1
androgenB_503B_N23,androgen,687.5,520,306,1002,385,2150,3187,379,171,1088,129,300.5,301.5,258,700.5,4769,103,406,662,280,1279,356,1222,324,,1
androgenB_503B_P23,androgen,562,487,189,1107.5,322,2223,3437,551.5,142,1149,128.5,226,210.5,296.5,572,5403,103,337,626,221,1029.5,281,1483,183,,1
androgenB_503C_B23,androgen,611.5,428,230.5,765.5,328,2095,3183,333,131,1089,117,318,258.5,177,520,4679,112.5,238.5,525.5,219.5,1634,362,1123,243.5,,1
androgenB_503C_D23,androgen,630,436,176,909,298,1988,2945,349.5,136.5,1033,127.5,376,194,189,456,4931,98.5,237,361.5,141,1487,275,1051.5,210,,1
androgenB_503C_F23,androgen,420,256,130,552.5,209,1532.5,3020,268.5,93,864,73,264,157,152,348,4722,87,147.5,272.5,163,1202,262.5,805,173.5,,1
androgenB_503C_H23,androgen,368,294,118.5,585,194,1502,2662.5,241,83,772,83,225.5,119,156,403,5302.5,105,186,314,153,1138,190.5,654,162.5,,1
androgenB_503C_J23,androgen,581,397,159,764,259,1862,3108,330,88.5,1047.5,86,321,249.5,128.5,420,4731,86,158,404,191,1472,322,915,215.5,,1
androgenB_503C_L23,androgen,424,387,229,606,282,3011,2798,262.5,118.5,869.5,171,228,172,218,1299.5,5016,115,448,449.5,286,1233.5,233,764,238,,1
androgenB_503C_N23,androgen,475.5,291,181,662,267.5,1627,3020,279,113,935,93,241,217.5,123.5,350,4992,94,184,306,174.5,1291,284,816,210,,1
androgenB_503C_P23,androgen,459,313.5,201,655,263,2026,3175,350,121,999.5,122,148,161,198,698,5342,119,293,372,208,1005,229,1108,193.5,,1